row_id	id	type	name	short_name	insert_aa	aa_seq	dna_seq	date
1		plasmid	171107-05_C09_p3BNC117_A4_ec1D_M13R.ab1	p3BNC117_A4_ec1D	NoMatch	XXXXVFRALXQQGP*HMKKLLFAIPLVVPFYSHSADMKTEEGKLVIWINGDKGYNGLAEVGKKFEKDTGIKVTVEHPDKLEEKFPQVAATGDGPDIIFWAHDRFGGYAQSGLLAEITPDKAFQDKLYPFTWDAVRYNGKLIAYPIAVEALSLIYNKDLLPNPPKTWEEIPALDKELKAKGKSALMFNLQEPYFTWPLIAADGGYAFKYENGKYDIKDVGVDNAGAKAGLTFLVDLIKNKHMNADTDYSIAEAAFNKGETAMTINGPWAWSNIDTSKVNYGVTVLPTFKGQPSKPFVGVLSAGINAASPNKELAKEFLENYLLTDEGLEAVNKDKPLGCRSAEVLRGRVGERSTYCRHYGNAQKGEIMXXPADVRFLXXRXYXXXSTPPXXXXXXX*XXX	NNNNNNNNNNNNGTTTTCCGAGCACTTCNCCAACAAGGACCATAGCATATGAAAAAATTATTATTCGCAATTCCTTTAGTGGTACCTTTCTATTCTCACTCGGCCGATATGAAAACTGAAGAAGGTAAACTGGTAATCTGGATTAACGGCGATAAAGGCTATAACGGTCTCGCTGAAGTCGGTAAGAAATTCGAGAAAGATACCGGAATTAAAGTCACCGTTGAGCATCCGGATAAACTGGAAGAGAAATTCCCACAGGTTGCGGCAACTGGCGATGGCCCTGACATTATCTTCTGGGCACACGACCGCTTTGGTGGCTACGCTCAATCTGGCCTGTTGGCTGAAATCACCCCGGACAAAGCGTTCCAGGACAAGCTGTATCCGTTTACCTGGGATGCCGTACGTTACAACGGCAAGCTGATTGCTTACCCGATCGCTGTTGAAGCGTTATCGCTGATTTATAACAAAGATCTGCTGCCGAACCCGCCAAAAACCTGGGAAGAGATCCCGGCGCTGGATAAAGAACTGAAAGCGAAAGGTAAGAGCGCGCTGATGTTCAACCTGCAAGAACCGTACTTCACCTGGCCGCTGATTGCTGCTGACGGGGGTTATGCGTTCAAGTATGAAAACGGCAAGTACGACATTAAAGACGTGGGCGTGGATAACGCTGGCGCGAAAGCGGGTCTGACCTTCCTGGTTGACCTGATTAAAAACAAACACATGAATGCAGACACCGATTACTCCATCGCAGAAGCTGCCTTTAATAAAGGCGAAACAGCGATGACCATCAACGGCCCGTGGGCATGGTCCAACATCGACACCAGCAAAGTGAATTATGGTGTAACGGTACTGCCGACCTTCAAGGGTCAACCATCCAAACCGTTCGTTGGCGTGCTGAGCGCAGGTATTAACGCCGCCAGTCCGAACAAAGAGCTGGCAAAAGAGTTCCTCGAAAACTATCTGCTGACTGATGAAGGTCTGGAAGCGGTTAATAAAGACAAACCGCTGGGGTGCCGTAGCGCTGAAGTCTTACGAGGAAGAGTTGGCGAAAGATCCACGTATTGCCGCCACTATGGAAACGCCCAGAAAGGNGAAATCATGCNANATCCCGCAGATGTCCGCTTTCTGGNNNGCCGGNCGTACTGNNGGNNATCAACGCCGCCAGNNGNNNTCNNNNANNNTCNATGAANCNNNNNNNN	
2		M13_phage	171107-05_A15_M13_3BNC_12_E4_110317_96GIII_M13_rev_Primer.ab1	M13_3BNC_12_E4_110317	HYPLRYIGASAT	XXAXLXLAKAXSXFWFYRRLXXEXMIVLLYYASXSXGXCICIS*MXYS*ISTDESFYL**CCSVSSFY*RRFFFPTS*LV**ASS*NLIR*FTMIKVEIKPSQAQFTTRSGVSRQGKPYSLNEQLCYVDLGNEYPVLVKITLDEGQPAYAPGLYTVHLSSFKVGQFGSLMIDRLRLVPAK*HGAGRGFRHNLSGDDTNLRCTLFRAWYNRWGSKMSVLVYSFASFVLGWCLRSGITYFTRLMETSS*KSL*SSKPL*PLLPSFRCCLSLLRVTIPQKRPLTPCKPQRPNISVMRGRWLLSLSAQLSVSSCLRNSPRKQADKPIQLKAPFGAFFLEIFNVKKLLFAIPLVVPFYSHSHYPLRYIGASATGGGSAETVESCLAKSHTENSLLTSXXXXX	NNNNNNGGGCNAANCTTNTTTTGGCAAAAGCCNNCTCGNTATTTTGGTTTTATCGTCGTCTGNTAAANGAGGNNATGATAGTGTTGCTCTACTATGCCTCGNATTCCNTTGGCNTATGTATCTGCATTAGTTGAATGNNGTATTCCTAAATCTCAACTGATGAATCTTTCTACCTGTAATAATGTTGTTCCGTTAGTTCGTTTTATTAACGTAGATTTTTCTTCCCAACGTCCTGACTGGTATAATGAGCCAGTTCTTAAAATCTCATAAGGTAATTCACAATGATTAAAGTTGAAATTAAACCATCTCAAGCCCAATTTACTACTCGTTCTGGTGTTTCTCGTCAGGGCAAGCCTTATTCACTGAATGAGCAGCTTTGTTACGTTGATTTGGGTAATGAATATCCGGTTCTTGTCAAGATTACTCTTGATGAAGGTCAGCCAGCCTATGCGCCTGGTCTGTACACCGTTCATCTGTCCTCTTTCAAAGTTGGTCAGTTCGGTTCCCTTATGATTGACCGTCTGCGCCTCGTTCCGGCTAAGTAACATGGAGCAGGTCGCGGATTTCGACACAATTTATCAGGCGATGATACAAATCTCCGTTGTACTTTGTTTCGCGCTTGGTATAATCGCTGGGGGTCAAAGATGAGTGTTTTAGTGTATTCTTTTGCCTCTTTCGTTTTAGGTTGGTGCCTTCGTAGTGGCATTACGTATTTTACCCGTTTAATGGAAACTTCCTCATGAAAAAGTCTTTAGTCCTCAAAGCCTCTGTAGCCGTTGCTACCCTCGTTCCGATGCTGTCTTTCGCTGCTGAGGGTGACGATCCCGCAAAAGCGGCCTTTAACTCCCTGCAAGCCTCAGCGACCGAATATATCGGTTATGCGTGGGCGATGGTTGTTGTCATTGTCGGCGCAACTATCGGTATCAAGCTGTTTAAGAAATTCACCTCGAAAGCAAGCTGATAAACCGATACAATTAAAGGCTCCTTTTGGAGCCTTTTTTTTGGAGATTTTCAACGTGAAAAAATTATTATTCGCAATTCCTTTAGTGGTACCTTTCTATTCTCACTCTCATTATCCGCTTAGGTATATTGGTGCGAGTGCTACTGGTGGAGGTTCGGCCGAAACTGTTGAAAGTTGTTTAGCAAAATCCCATACAGAAAATTCATTACTAACGTCNNANNNNNNNANNNNNN	110317
3		plasmid	171107-05_M07_p3BNC117_A4_ec3C_M13R.ab1	p3BNC117_A4_ec3C	NoMatch	XXXXVFRALHQQGP*HMKKLLFAIPLVVPFYSHSADMKTEEGKLVIWINGDKGYNGLAEVGKKFEKDTGIKVTVEHPDKLEEKFPQVAATGDGPDIIFWAHDRFGGYAQSGLLAEITPDKAFQDKLYPFTWDAVRYNGKLIAYPIAVEALSLIYNKDLLPNPPKTWEEIPALDKELKAKGKSALMFNLQEPYFTWPLIAADGGYAFKYENGKYDIKDVGVDNAGAKAGLTFLVDLIKNKHMNADTDYSIAEAAFNKGETAMTINGPWAWSNIDTSKVNYGVTVLPTFKGQPSKPFVGVLSAXLTPPVRTKSWQKSSSKTIC*LMKVWKRLIKTNRWXP*R*XLRGXLAXDPRXPXYGNAQKXKSCXIPXMSLSGXRAYXXXTXAXGRXNX	NNNNNNNNNNNNNGTTTTCCGAGCACTTCACCAACAAGGACCATAGCATATGAAAAAATTATTATTCGCAATTCCTTTAGTGGTACCTTTCTATTCTCACTCGGCCGATATGAAAACTGAAGAAGGTAAACTGGTAATCTGGATTAACGGCGATAAAGGCTATAACGGTCTCGCTGAAGTCGGTAAGAAATTCGAGAAAGATACCGGAATTAAAGTCACCGTTGAGCATCCGGATAAACTGGAAGAGAAATTCCCACAGGTTGCGGCAACTGGCGATGGCCCTGACATTATCTTCTGGGCACACGACCGCTTTGGTGGCTACGCTCAATCTGGCCTGTTGGCTGAAATCACCCCGGACAAAGCGTTCCAGGACAAGCTGTATCCGTTTACCTGGGATGCCGTACGTTACAACGGCAAGCTGATTGCTTACCCGATCGCTGTTGAAGCGTTATCGCTGATTTATAACAAAGATCTGCTGCCGAACCCGCCAAAAACCTGGGAAGAGATCCCGGCGCTGGATAAAGAACTGAAAGCGAAAGGTAAGAGCGCGCTGATGTTCAACCTGCAAGAACCGTACTTCACCTGGCCGCTGATTGCTGCTGACGGGGGTTATGCGTTCAAGTATGAAAACGGCAAGTACGACATTAAAGACGTGGGCGTGGATAACGCTGGCGCGAAAGCGGGTCTGACCTTCCTGGTTGACCTGATTAAAAACAAACACATGAATGCAGACACCGATTACTCCATCGCAGAAGCTGCCTTTAATAAAGGCGAAACAGCGATGACCATCAACGGCCCGTGGGCATGGTCCAACATCGACACCAGCAAAGTGAATTATGGTGTAACGGTACTGCCGACCTTCAAGGGTCAACCATCCAAACCGTTCGTTGGCGTGCTGAGCGCNNTATTAACGCCGCCAGTCCGAACAAAGAGCTGGCAAAAGAGTTCCTCGAAAACTATCTGCTGACTGATGAAGGTCTGGAAGCGGTTAATAAAGACAAACCGCTGGGNGCCGTAGCGCTGANTCTTACGAGGANAGTTGGCGAANGATCCACGTATNCCGCNCTATGGAAACGCCCAGAAAGNGAAATCATGCNANATCCCGCANATGTCGCTTTCTGGNATNCGNGCGTACNGNGNGATNACGNCCGCCNNCGGNCGNCNNAACNGN	
4		M13_phage	171107-05_C15_M13_3BNC_12_E5_110317_96GIII_M13_rev_Primer.ab1	M13_3BNC_12_E5_110317	HYPLRYIGASAT	XXTXYPXXXXFXXKAXPXFXLSSSGKRGX**CAXXCLVXLLAYVSA*LNVVFLNLN**IFLPVIMLFR*FVLLT*IFFPTS*LV**ASS*NLIR*FTMIKVEIKPSQAQFTTRSGVSRQGKPYSLNEQLCYVDLGNEYPVLVKITLDEGQPAYAPGLYTVHLSSFKVGQFGSLMIDRLRLVPAK*HGAGRGFRHNLSGDDTNLRCTLFRAWYNRWGSKMSVLVYSFASFVLGWCLRSGITYFTRLMETSS*KSL*SSKPL*PLLPSFRCCLSLLRVTIPQKRPLTPCKPQRPNISVMRGRWLLSLSAQLSVSSCLRNSPRKQADKPIQLKAPFGAFFLEIFNVKKLLFAIPLVVPFYSHSHYPLRYIGASATGGGSAETVESCLAKSHTENSLLTXEXXXXX	NNTTTTNACNNNNTACCCCCNNNGGNNAAANTTCTTNNCAAAAGCCTNTCCGNNNTTTNNNTTATCGTCGTCTGGTAAACGAGGGTNATGATAGTGTGCTNTANTATGCCTCGTANTCCTTTTGGCNTATGTATCTGCNTAGTTGAATGTGGTATTCCTAAATCTCAACTGATGAATCTTTCTACCNGTAATAATGTTGTTCCGTTAGTTCGTTTTATTAACGTAGATTTTCTTCCCAACGTCCTGACTGGTATAATGAGCCAGTTCTTAAAATCTCATAAGGTAATTCACAATGATTAAAGTTGAAATTAAACCATCTCAAGCCCAATTTACTACTCGTTCTGGTGTTTCTCGTCAGGGCAAGCCTTATTCACTGAATGAGCAGCTTTGTTACGTTGATTTGGGTAATGAATATCCGGTTCTTGTCAAGATTACTCTTGATGAAGGTCAGCCAGCCTATGCGCCTGGTCTGTACACCGTTCATCTGTCCTCTTTCAAAGTTGGTCAGTTCGGTTCCCTTATGATTGACCGTCTGCGCCTCGTTCCGGCTAAGTAACATGGAGCAGGTCGCGGATTTCGACACAATTTATCAGGCGATGATACAAATCTCCGTTGTACTTTGTTTCGCGCTTGGTATAATCGCTGGGGGTCAAAGATGAGTGTTTTAGTGTATTCTTTTGCCTCTTTCGTTTTAGGTTGGTGCCTTCGTAGTGGCATTACGTATTTTACCCGTTTAATGGAAACTTCCTCATGAAAAAGTCTTTAGTCCTCAAAGCCTCTGTAGCCGTTGCTACCCTCGTTCCGATGCTGTCTTTCGCTGCTGAGGGTGACGATCCCGCAAAAGCGGCCTTTAACTCCCTGCAAGCCTCAGCGACCGAATATATCGGTTATGCGTGGGCGATGGTTGTTGTCATTGTCGGCGCAACTATCGGTATCAAGCTGTTTAAGAAATTCACCTCGAAAGCAAGCTGATAAACCGATACAATTAAAGGCTCCTTTTGGAGCCTTTTTTTTGGAGATTTTCAACGTGAAAAAATTATTATTCGCAATTCCTTTAGTGGTACCTTTCTATTCTCACTCTCATTATCCGCTTAGGTATATTGGTGCGAGTGCTACTGGTGGAGGTTCGGCCGAAACTGTTGAAAGTTGTTTAGCAAAATCCCATACAGAAAATTCATTACTAACGTNNGAANNNNNNNNNNNNNNN	110317
5		plasmid	171107-05_I07_p3BNC117_A4_ec1C_M13R.ab1	p3BNC117_A4_ec1C	NoMatch	XXX*VFSRALHQQGP*HMKKLLFAIPLVVPFYSHSADMKTEEGKLVIWINGDKGYNGLAEVGKKFEKDTGIKVTVEHPDKLEEKFPQVAATGDGPDIIFWAHDRFGGYAQSGLLAEITPDKAFQDKLYPFTWDAVRYNGKLIAYPIAVEALSLIYNKDLLPNPPKTWEEIPALDKELKAKGKSALMFNLQEPYFTWPLIAADGGYAFKYENGKYDIKDVGVDNAGAKAGLTFLVDLIKNKHMNADTDYSIAEAAFNKGETAMTINGPWAWSNIDTSKVNYGVTVLPTFKGQPSKPFVGVLSAGINAASPNKELAKEFLENYLLTDEGLEAVNKDKPLGAVALKSYEXXLAXDPRIAATMXNAXKVXSCRHPADVRFXXACVLXDXAXXXXXXSMXPXXXXXN*XXXLX	NNNNNNNNNNNTAGGTGTTTTCNCGAGCACTTCACCAACAAGGACCATAGCATATGAAAAAATTATTATTCGCAATTCCTTTAGTGGTACCTTTCTATTCTCACTCGGCCGATATGAAAACTGAAGAAGGTAAACTGGTAATCTGGATTAACGGCGATAAAGGCTATAACGGTCTCGCTGAAGTCGGTAAGAAATTCGAGAAAGATACCGGAATTAAAGTCACCGTTGAGCATCCGGATAAACTGGAAGAGAAATTCCCACAGGTTGCGGCAACTGGCGATGGCCCTGACATTATCTTCTGGGCACACGACCGCTTTGGTGGCTACGCTCAATCTGGCCTGTTGGCTGAAATCACCCCGGACAAAGCGTTCCAGGACAAGCTGTATCCGTTTACCTGGGATGCCGTACGTTACAACGGCAAGCTGATTGCTTACCCGATCGCTGTTGAAGCGTTATCGCTGATTTATAACAAAGATCTGCTGCCGAACCCGCCAAAAACCTGGGAAGAGATCCCGGCGCTGGATAAAGAACTGAAAGCGAAAGGTAAGAGCGCGCTGATGTTCAACCTGCAAGAACCGTACTTCACCTGGCCGCTGATTGCTGCTGACGGGGGTTATGCGTTCAAGTATGAAAACGGCAAGTACGACATTAAAGACGTGGGCGTGGATAACGCTGGCGCGAAAGCGGGTCTGACCTTCCTGGTTGACCTGATTAAAAACAAACACATGAATGCAGACACCGATTACTCCATCGCAGAAGCTGCCTTTAATAAAGGCGAAACAGCGATGACCATCAACGGCCCGTGGGCATGGTCCAACATCGACACCAGCAAAGTGAATTATGGTGTAACGGTACTGCCGACCTTCAAGGGTCAACCATCCAAACCGTTCGTTGGCGTGCTGAGCGCAGGTATTAACGCCGCCAGTCCGAACAAAGAGCTGGCAAAAGAGTTCCTCGAAAACTATCTGCTGACTGATGAAGGNCTGGAAGCGGTTAATAAAGACAAACCGCTGGGNGCCGTAGCGCTGAAGTCTTACGAGGANNAGTTGGCGAANGATCCACGTATTGCCGCCACTATGGNAAACGCCCANAAGGTGNAATCATGCCGACATCCCGCAGATGTNCGCTTTCNNNNTGCNTGCGTACTGNGNGATNANGCCNCCNGCGNCNNCNNANNNTCGATGAANCCNGNAAANANNNNNNAGAACTAANTTCNANGNCTCNNN	
6		plasmid	171107-05_O07_p3BNC117_A4_ec4C_M13R.ab1	p3BNC117_A4_ec4C	NoMatch	XXXXXVFRALHQQGP*HMKKLLFAIPLVVPFYSHSADMKTEEGKLVIWINGDKGYNGLAEVGKKFEKDTGIKVTVEHPDKLEEKFPQVAATGDGPDIIFWAHDRFGGYAQSGLLAEITPDKAFQDKLYPFTWDAVRYNGKLIAYPIAVEALSLIYNKDLLPNPPKTWEEIPALDKELKAKGKSALMFNLQEPYFTWPLIAADGGYAFKYENGKYDIKDVGVDNAGAKAGLTFLVDLIKNKHMNADTDYSIAEAAFNKGETAMTINGPWAWSNIDTSKVNYGVTVLPTFKGQPSKPFVGVLSAXLTPPVRTKSWQKSSSKTIC*LMKXWKRLIKTNRWVP*R*SLTRKSWRKIHVLPPLWETPRKVKSCRXPADVRFLXCRAYWXXXNXXXAX	NNNNNNNNNNNTNNNGTTTTCCGAGCACTTCACCAACAAGGACCATAGCATATGAAAAAATTATTATTCGCAATTCCTTTAGTGGTACCTTTCTATTCTCACTCGGCCGATATGAAAACTGAAGAAGGTAAACTGGTAATCTGGATTAACGGCGATAAAGGCTATAACGGTCTCGCTGAAGTCGGTAAGAAATTCGAGAAAGATACCGGAATTAAAGTCACCGTTGAGCATCCGGATAAACTGGAAGAGAAATTCCCACAGGTTGCGGCAACTGGCGATGGCCCTGACATTATCTTCTGGGCACACGACCGCTTTGGTGGCTACGCTCAATCTGGCCTGTTGGCTGAAATCACCCCGGACAAAGCGTTCCAGGACAAGCTGTATCCGTTTACCTGGGATGCCGTACGTTACAACGGCAAGCTGATTGCTTACCCGATCGCTGTTGAAGCGTTATCGCTGATTTATAACAAAGATCTGCTGCCGAACCCGCCAAAAACCTGGGAAGAGATCCCGGCGCTGGATAAAGAACTGAAAGCGAAAGGTAAGAGCGCGCTGATGTTCAACCTGCAAGAACCGTACTTCACCTGGCCGCTGATTGCTGCTGACGGGGGTTATGCGTTCAAGTATGAAAACGGCAAGTACGACATTAAAGACGTGGGCGTGGATAACGCTGGCGCGAAAGCGGGTCTGACCTTCCTGGTTGACCTGATTAAAAACAAACACATGAATGCAGACACCGATTACTCCATCGCAGAAGCTGCCTTTAATAAAGGCGAAACAGCGATGACCATCAACGGCCCGTGGGCATGGTCCAACATCGACACCAGCAAAGTGAATTATGGTGTAACGGTACTGCCGACCTTCAAGGGTCAACCATCCAAACCGTTCGTTGGCGTGCTGAGCGCANTATTAACGCCGCCAGTCCGAACAAAGAGCTGGCAAAAGAGTTCCTCGAAAACTATCTGCTGACTGATGAAGGNCTGGAAGCGGTTAATAAAGACAAACCGCTGGGTGCCGTAGCGCTGAAGTCTTACGAGGAAGAGTTGGCGAAAGATCCACGTATTGCCGCCACTATGGGAAACGCCCAGAAAGGTGAAATCATGCCGANATCCCGCAGATGTCCGCTTTCTGGNNTGCCGTGCGTACTGGNGGNGANNCAACGNCCNCCNGGCNGNCG	
7		M13_phage	171107-05_A17_M13_3BNC_12_H2_110317_96GIII_M13_rev_Primer.ab1	M13_3BNC_12_H2_110317	HYPLRYIGASAT	KXXXXXLVFIVVXKXGXDXXLXXASXSXXYXXA*LXXVS*ISTDESFYXX*CXSVSSFY*RRFFFPTS*LV**ASS*NLIR*FTMIKVEIKPSQAQFTTRSGVSRQGKPYSLNEQLCYVDLGNEYPVLVKITLDEGQPAYAPGLYTVHLSSFKVGQFGSLMIDRLRLVPAK*HGAGRGFRHNLSGDDTNLRCTLFRAWYNRWGSKMSVLVYSFASFVLGWCLRSGITYFTRLMETSS*KSL*SSKPL*PLLPSFRCCLSLLRVTIPQKRPLTPCKPQRPNISVMRGRWLLSLSAQLSVSSCLRNSPRKQADKPIQLKAPFGAFFLEIFNVKKLLFAIPLVVPFYSHSHYPLRYIGASATGGGSAETVESCLAKSHTENSLLTXXXXXX	NAAAANCCNNNCNCGNTNTTTTGGTTTTTATCGTCGTNNGTAAANGAGGNTANGATAGNNTGCTCTANTANGCNTCGNATTCCTTNNNGTATNNATNNGCATAGTTGANNGNGGTNTCCTAAATCTCAACTGATGAATCTTTCTACCNGTANTAATGTNGTTCCGTTAGTTCGTTTTATTAACGTAGATTTTTCTTCCCAACGTCCTGACTGGTATAATGAGCCAGTTCTTAAAATCTCATAAGGTAATTCACAATGATTAAAGTTGAAATTAAACCATCTCAAGCCCAATTTACTACTCGTTCTGGTGTTTCTCGTCAGGGCAAGCCTTATTCACTGAATGAGCAGCTTTGTTACGTTGATTTGGGTAATGAATATCCGGTTCTTGTCAAGATTACTCTTGATGAAGGTCAGCCAGCCTATGCGCCTGGTCTGTACACCGTTCATCTGTCCTCTTTCAAAGTTGGTCAGTTCGGTTCCCTTATGATTGACCGTCTGCGCCTCGTTCCGGCTAAGTAACATGGAGCAGGTCGCGGATTTCGACACAATTTATCAGGCGATGATACAAATCTCCGTTGTACTTTGTTTCGCGCTTGGTATAATCGCTGGGGGTCAAAGATGAGTGTTTTAGTGTATTCTTTTGCCTCTTTCGTTTTAGGTTGGTGCCTTCGTAGTGGCATTACGTATTTTACCCGTTTAATGGAAACTTCCTCATGAAAAAGTCTTTAGTCCTCAAAGCCTCTGTAGCCGTTGCTACCCTCGTTCCGATGCTGTCTTTCGCTGCTGAGGGTGACGATCCCGCAAAAGCGGCCTTTAACTCCCTGCAAGCCTCAGCGACCGAATATATCGGTTATGCGTGGGCGATGGTTGTTGTCATTGTCGGCGCAACTATCGGTATCAAGCTGTTTAAGAAATTCACCTCGAAAGCAAGCTGATAAACCGATACAATTAAAGGCTCCTTTTGGAGCCTTTTTTTTGGAGATTTTCAACGTGAAAAAATTATTATTCGCAATTCCTTTAGTGGTACCTTTCTATTCTCACTCTCATTATCCGCTTAGGTATATTGGTGCGAGTGCTACTGGTGGAGGTTCGGCCGAAACTGTTGAAAGTTGTTTAGCAAAATCCCATACAGAAAATTCATTACTAACGNCGANNNNNNNNNNNNNNNC	110317
8		M13_phage	171107-05_C11_M13_3BNC_12_B1_110317_96GIII_M13_rev_Primer.ab1	M13_3BNC_12_B1_110317	HYPLRYIGASAT	LTXXXXXXXAXFFAXXXXXXXYXXX*XRVMIVLLYYAX*FLXALXICXS*MWYS*ISTDESSTXNNVVPLVRLLT*IFFPTS*LV**ASS*NLIR*FTMIKVEIKPSQAQFTTRSGVSRQGKPYSLNEQLCYVDLGNEYPVLVKITLDEGQPAYAPGLYTVHLSSFKVGQFGSLMIDRLRLVPAK*HGAGRGFRHNLSGDDTNLRCTLFRAWYNRWGSKMSVLVYSFASFVLGWCLRSGITYFTRLMETSS*KSL*SSKPL*PLLPSFRCCLSLLRVTIPQKRPLTPCKPQRPNISVMRGRWLLSLSAQLSVSSCLRNSPRKQADKPIQLKAPFGAFFLEIFNVKKLLFAIPLVVPFYSHSHYPLRYIGASATGGGSAETVESCLAKSHTENSLLTSXXXX	NTCTAACNTNTTANTNNTNNNCCNNTNNGGCAAANTTCTTTGCAAANNCTNNNNNNNTTNNNNTTTATNNTNGTNNGTAANNGAGGGTTATGATAGTGTTGCTCTACTATGCCTNGTAATTCCTTTNGGCGTTANGTATCTGCANTAGTTGAATGTGGTATTCCTAAATCTCAACTGATGAATCTTCTACCNGTAATAATGTTGTTCCGTTAGTTCGTTTATTAACGTAGATTTTCTTCCCAACGTCCTGACTGGTATAATGAGCCAGTTCTTAAAATCTCATAAGGTAATTCACAATGATTAAAGTTGAAATTAAACCATCTCAAGCCCAATTTACTACTCGTTCTGGTGTTTCTCGTCAGGGCAAGCCTTATTCACTGAATGAGCAGCTTTGTTACGTTGATTTGGGTAATGAATATCCGGTTCTTGTCAAGATTACTCTTGATGAAGGTCAGCCAGCCTATGCGCCTGGTCTGTACACCGTTCATCTGTCCTCTTTCAAAGTTGGTCAGTTCGGTTCCCTTATGATTGACCGTCTGCGCCTCGTTCCGGCTAAGTAACATGGAGCAGGTCGCGGATTTCGACACAATTTATCAGGCGATGATACAAATCTCCGTTGTACTTTGTTTCGCGCTTGGTATAATCGCTGGGGGTCAAAGATGAGTGTTTTAGTGTATTCTTTTGCCTCTTTCGTTTTAGGTTGGTGCCTTCGTAGTGGCATTACGTATTTTACCCGTTTAATGGAAACTTCCTCATGAAAAAGTCTTTAGTCCTCAAAGCCTCTGTAGCCGTTGCTACCCTCGTTCCGATGCTGTCTTTCGCTGCTGAGGGTGACGATCCCGCAAAAGCGGCCTTTAACTCCCTGCAAGCCTCAGCGACCGAATATATCGGTTATGCGTGGGCGATGGTTGTTGTCATTGTCGGCGCAACTATCGGTATCAAGCTGTTTAAGAAATTCACCTCGAAAGCAAGCTGATAAACCGATACAATTAAAGGCTCCTTTTGGAGCCTTTTTTTTGGAGATTTTCAACGTGAAAAAATTATTATTCGCAATTCCTTTAGTGGTACCTTTCTATTCTCACTCTCATTATCCGCTTAGGTATATTGGTGCGAGTGCTACTGGTGGAGGTTCGGCCGAAACTGTTGAAAGTTGTTTAGCAAAATCCCATACAGAAAATTCATTACTAACGTCNNANNNNNCNNNNNN	110317
9		M13_phage	171107-05_E13_M13_3BNC_12_D4_110317_96GIII_M13_rev_Primer.ab1	M13_3BNC_12_D4_110317	SQHWISYTGAYA	XKTFXXXTPXGKXXLQKPXAIXFXSSXVKXGL**CCXXYAS*FLLAXCICISECGIPKXQLMNLSTCIMLFR*FVLLT*IFFPTS*LV**ASS*NRIR*FTMIKVEIKPSQAQFTTRSGVSRQGKPYSLNEQLCYVDLGNEYPVLVKITLDEGQPAYAPGLYTVHLSSFKVGQFGSLMIDRLRLVPAK*HGAGRGFRHNLSGDDTNLRCTLFRAWYNRWGSKMSVLVYSFASFVLGWCLRSGITYFTRLMETSS*KSL*SSKPL*PLLPSFRCCLSLLRVTIPQKRPLTPCKPQRPNISVMRGRWLLSLSAQLSVSSCLRNSPRKQADKPIQLKAPFGAFFLEIFNVKKLLFAIPLVVPFYSHSSQHWISYTGAYAGGGSAETVESCLAKSHTENSXLTSXXXXXX	NNNNNAAAACATTTTNNNNNNNTACCCCTNTGGGCAAAANTNNTTTGCAAAAGCCNNTNGCTATTTNNTTTTTNTCGTCGTNNGTTAAANGAGGNTTATGATAGTGTTGCTNNTANTATGCCTCGTAATTCCTTTTGGCGTNATGTATCTGCATTAGTGAATGTGGTATTCCTAAATNTCAACTGATGAATCTTTCTACCTGTATAATGTTGTTCCGTTAGTTCGTTTTATTAACGTAGATTTTCTTCCCAACGTCCTGACTGGTATAATGAGCCAGTTCTTAAAATCGCATAAGGTAATTCACAATGATTAAAGTTGAAATTAAACCATCTCAAGCCCAATTTACTACTCGTTCTGGTGTTTCTCGTCAGGGCAAGCCTTATTCACTGAATGAGCAGCTTTGTTACGTTGATTTGGGTAATGAATATCCGGTTCTTGTCAAGATTACTCTTGATGAAGGTCAGCCAGCCTATGCGCCTGGTCTGTACACCGTTCATCTGTCCTCTTTCAAAGTTGGTCAGTTCGGTTCCCTTATGATTGACCGTCTGCGCCTCGTTCCGGCTAAGTAACATGGAGCAGGTCGCGGATTTCGACACAATTTATCAGGCGATGATACAAATCTCCGTTGTACTTTGTTTCGCGCTTGGTATAATCGCTGGGGGTCAAAGATGAGTGTTTTAGTGTATTCTTTTGCCTCTTTCGTTTTAGGTTGGTGCCTTCGTAGTGGCATTACGTATTTTACCCGTTTAATGGAAACTTCCTCATGAAAAAGTCTTTAGTCCTCAAAGCCTCTGTAGCCGTTGCTACCCTCGTTCCGATGCTGTCTTTCGCTGCTGAGGGTGACGATCCCGCAAAAGCGGCCTTTAACTCCCTGCAAGCCTCAGCGACCGAATATATCGGTTATGCGTGGGCGATGGTTGTTGTCATTGTCGGCGCAACTATCGGTATCAAGCTGTTTAAGAAATTCACCTCGAAAGCAAGCTGATAAACCGATACAATTAAAGGCTCCTTTTGGAGCCTTTTTTTTGGAGATTTTCAACGTGAAAAAATTATTATTCGCAATTCCTTTAGTGGTACCTTTCTATTCTCACTCTAGTCAGCATTGGATTTCTTATACGGGGGCTTATGCTGGTGGAGGTTCGGCCGAAACTGTTGAAAGTTGTTTAGCAAAATCCCATACAGAAAATTCANNACTAACGTCNGNANNNNNCNNNNNNNNN	110317
10		M13_phage	171107-05_O09_M13_3BNC_12_A4_110317_96GIII_M13_rev_Primer.ab1	M13_3BNC_12_A4_110317	SQHWISYTGAYA	XLVXRVMIVLLLXYAS*XLWRXXSALVNVVX*ISTDESFYL**CCSVSSFYXRRFFFPTS*LV**ASS*NRIR*FTMIKVEIKPSQAQFTTRSGVSRQGKPYSLNEQLCYVDLGNEYPVLVKITLDEGQPAYAPGLYTVHLSSFKVGQFGSLMIDRLRLVPAK*HGAGRGFRHNLSGDDTNLRCTLFRAWYNRWGSKMSVLVYSFASFVLGWCLRSGITYFTRLMETSS*KSL*SSKPL*PLLPSFRCCLSLLRVTIPQKRPLTPCKPQRPNISVMRGRWLLSLSAQLSVSSCLRNSPRKQADKPIQLKAPFGAFFLEIFNVKKLLFAIPLVVPFYSHSSQHWISYTGAYAGGGSAETVESCLAKSHTENSLLTSXXXXXX	NNNTTCTGGTAANGAGGGTTATGATAGTGTTGCTNCTTNACTATGCCTCGTAATNCCTTTGGCGTTANGNATCTGCATTAGTGAATGTGGTATNCTAAATCTCAACTGATGAATCTTTCTACCTGTAATAATGTTGTTCCGTTAGTTCGTTTTATNAACGTAGATTTTTCTTCCCAACGTCCTGACTGGTATAATGAGCCAGTTCTTAAAATCGCATAAGGTAATTCACAATGATTAAAGTTGAAATTAAACCATCTCAAGCCCAATTTACTACTCGTTCTGGTGTTTCTCGTCAGGGCAAGCCTTATTCACTGAATGAGCAGCTTTGTTACGTTGATTTGGGTAATGAATATCCGGTTCTTGTCAAGATTACTCTTGATGAAGGTCAGCCAGCCTATGCGCCTGGTCTGTACACCGTTCATCTGTCCTCTTTCAAAGTTGGTCAGTTCGGTTCCCTTATGATTGACCGTCTGCGCCTCGTTCCGGCTAAGTAACATGGAGCAGGTCGCGGATTTCGACACAATTTATCAGGCGATGATACAAATCTCCGTTGTACTTTGTTTCGCGCTTGGTATAATCGCTGGGGGTCAAAGATGAGTGTTTTAGTGTATTCTTTTGCCTCTTTCGTTTTAGGTTGGTGCCTTCGTAGTGGCATTACGTATTTTACCCGTTTAATGGAAACTTCCTCATGAAAAAGTCTTTAGTCCTCAAAGCCTCTGTAGCCGTTGCTACCCTCGTTCCGATGCTGTCTTTCGCTGCTGAGGGTGACGATCCCGCAAAAGCGGCCTTTAACTCCCTGCAAGCCTCAGCGACCGAATATATCGGTTATGCGTGGGCGATGGTTGTTGTCATTGTCGGCGCAACTATCGGTATCAAGCTGTTTAAGAAATTCACCTCGAAAGCAAGCTGATAAACCGATACAATTAAAGGCTCCTTTTGGAGCCTTTTTTTTGGAGATTTTCAACGTGAAAAAATTATTATTCGCAATTCCTTTAGTGGTACCTTTCTATTCTCACTCTAGTCAGCATTGGATTTCTTATACGGGGGCTTATGCTGGTGGAGGTTCGGCCGAAACTGTTGAAAGTTGTTTAGCAAAATCCCATACAGAAAATTCATTACTAACGTCNNNANNCNNNNNNNNNNNNN	110317
11		M13_phage	171107-05_C17_M13_3BNC_c7c_C2_110317_96GIII_M13_rev_Primer.ab1	M13_3BNC_c7c_C2_110317	CGDSNVRTC	XPXXQNXFXKAXXXFGLSSSGKXGYDSXLYYXXXXFGVMYLH*LNVVFLNLN**IFLPVIMLFR*FVLLT*IFLPNXXLV**ASS*NRIR*FTMIKVEIKPSQAQFTTRSGVSRQGKPYSLNEQLCYVDLGNEYPVLVKITLDEGQPAYAPGLYTVHLSSFKVGQFGSLMIDRLRLVPAK*HGAGRGFRHNLSGDDTNLRCTLFRAWYNRWGSKMSVLVYSFASFVLGWCLRSGITYFTRLMETSS*KSL*SSKPL*PLLPSFRCCLSLLRVTIPQKRPLTPCKPQRPNISVMRGRWLLSLSAQLSVSSCLRNSPRKQADKPIQLKAPFGAFFLEIFNVKKLLFAIPLVVPFYSHSACGDSNVRTCGGGSAETVESCLAKSHTENSLLTSXXRXXX	NNNCCCCTNNNGGCAAAACTTNTTTNGNAAAGCNNTCTNGNTATTTGGTTTATCGTCGTCTGGTAAANGAGGNTATGATAGTNTGCTCTACTATNCTNGTANTNCTTTTGGCGTTATGTATCTGCATTAGTTGAATGTGGTATTCCTAAATCTCAACTGATGAATCTTTCTACCTGTAATAATGTTGTTCCGTTAGTTCGTTTTATTAACGTAGATTTTTCTTCCCAACGNNNGACTGGTATAATGAGCCAGTTCTTAAAATCGCATAAGGTAATTCACAATGATTAAAGTTGAAATTAAACCATCTCAAGCCCAATTTACTACTCGTTCTGGTGTTTCTCGTCAGGGCAAGCCTTATTCACTGAATGAGCAGCTTTGTTACGTTGATTTGGGTAATGAATATCCGGTTCTTGTCAAGATTACTCTTGATGAAGGTCAGCCAGCCTATGCGCCTGGTCTGTACACCGTTCATCTGTCCTCTTTCAAAGTTGGTCAGTTCGGTTCCCTTATGATTGACCGTCTGCGCCTCGTTCCGGCTAAGTAACATGGAGCAGGTCGCGGATTTCGACACAATTTATCAGGCGATGATACAAATCTCCGTTGTACTTTGTTTCGCGCTTGGTATAATCGCTGGGGGTCAAAGATGAGTGTTTTAGTGTATTCTTTTGCCTCTTTCGTTTTAGGTTGGTGCCTTCGTAGTGGCATTACGTATTTTACCCGTTTAATGGAAACTTCCTCATGAAAAAGTCTTTAGTCCTCAAAGCCTCTGTAGCCGTTGCTACCCTCGTTCCGATGCTGTCTTTCGCTGCTGAGGGTGACGATCCCGCAAAAGCGGCCTTTAACTCCCTGCAAGCCTCAGCGACCGAATATATCGGTTATGCGTGGGCGATGGTTGTTGTCATTGTCGGCGCAACTATCGGTATCAAGCTGTTTAAGAAATTCACCTCGAAAGCAAGCTGATAAACCGATACAATTAAAGGCTCCTTTTGGAGCCTTTTTTTTGGAGATTTTCAACGTGAAAAAATTATTATTCGCAATTCCTTTAGTGGTACCTTTCTATTCTCACTCTGCTTGTGGTGATTCGAATGTTCGTACGTGCGGTGGAGGTTCGGCCGAAACTGTTGAAAGTTGTTTAGCAAAATCCCATACAGAAAATTCATTACTAACGTCTNANNNCCGNNNNNNNNNNNC	110317
12		M13_phage	171107-05_M11_M13_3BNC_12_C2_110317_96GIII_M13_rev_Primer.ab1	M13_3BNC_12_C2_110317	WVYQTKTTVLTG	XXXXVXXXFXXXPLXAXXXQXPXXXXFXXRXXXEGYDSXLXLXLVXXWRYXSALVECXIP*XSTDESFYL**CCSVSSFY*RRFFFPTS*LV**ASX*NRIR*FTMIKVEIKPSQAQFTTRSGVSRQGKPYSLNEQLCYVDLGNEYPVLVKITLDEGQPAYAPGLYTVHLSSFKVGQFGSLMIDRLRLVPAK*HGAGRGFRHNLSGDDTNLRCTLFRAWYNRWGSKMSVLVYSFASFVLGWCLRSGITYFTRLMETSS*KSL*SSKPL*PLLPSFRCCLSLLRVTIPQKRPLTPCKPQRPNISVMRGRWLLSLSAQLSVSSCLRNSPRKQADKPIQLKAPFGAFFLEIFNVKKLLFAIPLVVPFYSHSWVYQTKTTVLTGGGGSAETVESCLAKSHTENSXTNVXXXXXX	GANNNNTANNNNGTTNNAAANCNTTTTNNNNTNNCCCCCCTTNNGGCAAANTTNTTNCAAANNCCNNNNNCNNTTNNNTTTTANNNTCGTNNNNNAANCGAGGGTTATGATAGTNTNCTCNTACTANGCCTCGTANTNNTTTGGCGTTATGNATCTGCATTAGTTGAATGTNGTATTCCTTAAATNTCAACTGATGAATCTTTCTACCTGTAATAATGTTGTTCCGTTAGTTCGTTTTATTAACGTAGATTTTTCTTCCCAACGTCCTGACTGGTATAATGAGCCAGTTNTTAAAATCGCATAAGGTAATTCACAATGATTAAAGTTGAAATTAAACCATCTCAAGCCCAATTTACTACTCGTTCTGGTGTTTCTCGTCAGGGCAAGCCTTATTCACTGAATGAGCAGCTTTGTTACGTTGATTTGGGTAATGAATATCCGGTTCTTGTCAAGATTACTCTTGATGAAGGTCAGCCAGCCTATGCGCCTGGTCTGTACACCGTTCATCTGTCCTCTTTCAAAGTTGGTCAGTTCGGTTCCCTTATGATTGACCGTCTGCGCCTCGTTCCGGCTAAGTAACATGGAGCAGGTCGCGGATTTCGACACAATTTATCAGGCGATGATACAAATCTCCGTTGTACTTTGTTTCGCGCTTGGTATAATCGCTGGGGGTCAAAGATGAGTGTTTTAGTGTATTCTTTTGCCTCTTTCGTTTTAGGTTGGTGCCTTCGTAGTGGCATTACGTATTTTACCCGTTTAATGGAAACTTCCTCATGAAAAAGTCTTTAGTCCTCAAAGCCTCTGTAGCCGTTGCTACCCTCGTTCCGATGCTGTCTTTCGCTGCTGAGGGTGACGATCCCGCAAAAGCGGCCTTTAACTCCCTGCAAGCCTCAGCGACCGAATATATCGGTTATGCGTGGGCGATGGTTGTTGTCATTGTCGGCGCAACTATCGGTATCAAGCTGTTTAAGAAATTCACCTCGAAAGCAAGCTGATAAACCGATACAATTAAAGGCTCCTTTTGGAGCCTTTTTTTTGGAGATTTTCAACGTGAAAAAATTATTATTCGCAATTCCTTTAGTGGTACCTTTCTATTCTCACTCTTGGGTGTATCAGACTAAGACGACTGTGTTGACTGGTGGTGGAGGTTCGGCCGAAACTGTTGAAAGTTGTTTAGCAAAATCCCATACAGAAAATTCANNTACTAACGTCNNNNNNNNNNNNNNNNNNNN	110317
13		plasmid	171107-05_K09_p3BNC117_A4_ec5D_M13R.ab1	p3BNC117_A4_ec5D	NoMatch	XXXXVXRALXQQGP*HMKKLLFAIPLVVPFYSHSADMKTEEGKLVIWINGDKGYNGLAEVGKKFEKDTGIKVTVEHPDKLEEKFPQVAATGDGPDIIFWAHDRFGGYAQSGLLAEITPDKAFQDKLYPFTWDAVRYNGKLIAYPIAVEALSLIYNKDLLPNPPKTWEEIPALDKELKAKGKSALMFNLQEPYFTWPLIAADGGYAFKYENGKYDIKDVGVDNAGAKAGLTFLVDLIKNKHMNADTDYSIAEAAFNKGETAMTINGPWAWSNIDTSKVNYGVTVLPTFKGQPSKPFVGVLSAXLTPPVRTKSWQKSSSKTIC*LMKVWKRLIKTNRWXP*R*XLRGXVGEXPRIAXLWKRPEXEIMXXPADVAFXXXXVLXDXXXXXXDXRXSPXXXXQXXXX	NNNNNNNNNNNNNNGTTTTNCGAGCACTTCNCCAACAAGGACCATAGCATATGAAAAAATTATTATTCGCAATTCCTTTAGTGGTACCTTTCTATTCTCACTCGGCCGATATGAAAACTGAAGAAGGTAAACTGGTAATCTGGATTAACGGCGATAAAGGCTATAACGGTCTCGCTGAAGTCGGTAAGAAATTCGAGAAAGATACCGGAATTAAAGTCACCGTTGAGCATCCGGATAAACTGGAAGAGAAATTCCCACAGGTTGCGGCAACTGGCGATGGCCCTGACATTATCTTCTGGGCACACGACCGCTTTGGTGGCTACGCTCAATCTGGCCTGTTGGCTGAAATCACCCCGGACAAAGCGTTCCAGGACAAGCTGTATCCGTTTACCTGGGATGCCGTACGTTACAACGGCAAGCTGATTGCTTACCCGATCGCTGTTGAAGCGTTATCGCTGATTTATAACAAAGATCTGCTGCCGAACCCGCCAAAAACCTGGGAAGAGATCCCGGCGCTGGATAAAGAACTGAAAGCGAAAGGTAAGAGCGCGCTGATGTTCAACCTGCAAGAACCGTACTTCACCTGGCCGCTGATTGCTGCTGACGGGGGTTATGCGTTCAAGTATGAAAACGGCAAGTACGACATTAAAGACGTGGGCGTGGATAACGCTGGCGCGAAAGCGGGTCTGACCTTCCTGGTTGACCTGATTAAAAACAAACACATGAATGCAGACACCGATTACTCCATCGCAGAAGCTGCCTTTAATAAAGGCGAAACAGCGATGACCATCAACGGCCCGTGGGCATGGTCCAACATCGACACCAGCAAAGTGAATTATGGTGTAACGGTACTGCCGACCTTCAAGGGTCAACCATCCAAACCGTTCGTTGGCGTGCTGAGCGCNNTATTAACGCCGCCAGTCCGAACAAAGAGCTGGCAAAAGAGTTCCTCGAAAACTATCTGCTGACTGATGAAGGTCTGGAAGCGGTTAATAAAGACAAACCGCTGGGNGCCGTAGCGCTGANTCTTACGAGGANNAGTTGGCGAANATCCACGTATTGCCNCNCTATGGAAACGCCCAGAAANNGAAATCATGCNANATCCCGCAGATGTCGCTTTCNNNNTGNCNNNNGTACTGNGNGATNANNNNNNNNNGNCGNCAGACNNNCGANGAAGCCCNNAANNNNNNNNNCAGAANTNANTTNNNN	
14		M13_phage	171107-05_G11_M13_3BNC_12_B4_110317_96GIII_M13_rev_Primer.ab1	M13_3BNC_12_B4_110317	EVHFVKWIGATT	XXXTXXXXXXVXXLXXPXXKXLXXXXXIXXXXSFXXTXVMXXVLXXAX*XXXVMYLH**MWXXKSX**IFLPVIMXFR*FVLLT*IFLPNV*LV**ASS*NRIR*FTMIKVEIKPSQAQFTTRSGVSRQGKPYSLNEQLCYVDLGNEYPVLVKITLDEGQPAYAPGLYTVHLSSFKVGQFGSLMIDRLRLVPAK*HGAGRGFRHNLSGDDTNLRCTLFRAWYNRWGSKMSVLVYSFASFVLGWCLRSGITYFTRLMETSS*KSL*SSKPL*PLLPSFRCCLSLLRVTIPQKRPLTPCKPQRPNISVMRGRWLLSLSAQLSVSSCLRNSPRKQADKPIQLKAPFGAFFLEIFNVKKLLFAIPLVVPFYSHSEVHFVKWIGATTGGGSAETVESCLAKSHTENSLLTSXXXXX	NNGNNTNNNCACNNNTNTGGANGNTNNNNCNGTTNNANCNTTANTNNNNCCCCNNNCNAAANNNTTGCANANNCNNNNGNNTATTTNGNTTTNNNNGTCGTTCNGGTNAACNNGGGTTATGANNAGNGTGCTCTANNANGCNTNGTAATNNNNTNGCGTTATGTATCTGCATTAGTGAATGTGGTANNNNAAATCTCNNTGATGAATCTTTCTACCNGTAATAATGNTGTTCCGTTAGTTCGTTTTATTAACGTAGATTTTTCTTCCCAACGTNTGACTGGTATAATGAGCCAGTTCTTAAAATCGCATAAGGTAATTCACAATGATTAAAGTTGAAATTAAACCATCTCAAGCCCAATTTACTACTCGTTCTGGTGTTTCTCGTCAGGGCAAGCCTTATTCACTGAATGAGCAGCTTTGTTACGTTGATTTGGGTAATGAATATCCGGTTCTTGTCAAGATTACTCTTGATGAAGGTCAGCCAGCCTATGCGCCTGGTCTGTACACCGTTCATCTGTCCTCTTTCAAAGTTGGTCAGTTCGGTTCCCTTATGATTGACCGTCTGCGCCTCGTTCCGGCTAAGTAACATGGAGCAGGTCGCGGATTTCGACACAATTTATCAGGCGATGATACAAATCTCCGTTGTACTTTGTTTCGCGCTTGGTATAATCGCTGGGGGTCAAAGATGAGTGTTTTAGTGTATTCTTTTGCCTCTTTCGTTTTAGGTTGGTGCCTTCGTAGTGGCATTACGTATTTTACCCGTTTAATGGAAACTTCCTCATGAAAAAGTCTTTAGTCCTCAAAGCCTCTGTAGCCGTTGCTACCCTCGTTCCGATGCTGTCTTTCGCTGCTGAGGGTGACGATCCCGCAAAAGCGGCCTTTAACTCCCTGCAAGCCTCAGCGACCGAATATATCGGTTATGCGTGGGCGATGGTTGTTGTCATTGTCGGCGCAACTATCGGTATCAAGCTGTTTAAGAAATTCACCTCGAAAGCAAGCTGATAAACCGATACAATTAAAGGCTCCTTTTGGAGCCTTTTTTTTGGAGATTTTCAACGTGAAAAAATTATTATTCGCAATTCCTTTAGTGGTACCTTTCTATTCTCACTCTGAGGTTCATTTTGTGAAGTGGATTGGTGCTACTACTGGTGGAGGTTCGGCCGAAACTGTTGAAAGTTGTTTAGCAAAATCCCATACAGAAAATTCATTACTAACGTCNNNNNNNGNNNNNNNNN	110317
15		M13_phage	171107-05_G15_M13_3BNC_12_F6_110317_96GIII_M13_rev_Primer.ab1	M13_3BNC_12_F6_110317	HYPLRYIGASAT	XXXXXXXSXTFTIXXXQXXXXXXXXLXXXRX*RGX**XALLCXXPLALXXCXXECXXLNLN**IFLPVIMXSR*FVLLT*IFLPNVLTGIMSQFLNLIR*FTMIKVEIKPSQAQFTTRSGVSRQGKPYSLNEQLCYVDLGNEYPVLVKITLDEGQPAYAPGLYTVHLSSFKVGQFGSLMIDRLRLVPAK*HGAGRGFRHNLSGDDTNLRCTLFRAWYNRWGSKMSVLVYSFASFVLGWCLRSGITYFTRLMETSS*KSL*SSKPL*PLLPSFRCCLSLLRVTIPQKRPLTPCKPQRPNISVMRGRWLLSLSAQLSVSSCLRNSPRKQADKPIQLKAPFGAFFLEIFNVKKLLFAIPLVVPFYSHSHYPLRYIGASATGGGSAETVESCLAKSHTENSXLTSEXXXXX	NNNNNNGNNNNTGNANNNTNNCAGTNNAACNTTTACTATTNCCCNNNNGCAANNTNTTTNCANANNCNNNNNNNNTTTGNTNNNTNGTCGTCNGTAACGAGGGTNNTGATAGNNTGCTCTACTATGCTNGNNTCCTTTGGCGTTANNNATNTGCNTTANTGAATGTGNATTNCTAAATCTCAACTGATGAATCTTTCTACCNGTAATAATGTTNTCCCGATAGTTCGTTTTATTAACGTAGATTTTTCTTCCCAACGTCCTGACTGGTATAATGAGCCAGTTCTTAAATCTCATAAGGTAATTCACAATGATTAAAGTTGAAATTAAACCATCTCAAGCCCAATTTACTACTCGTTCTGGTGTTTCTCGTCAGGGCAAGCCTTATTCACTGAATGAGCAGCTTTGTTACGTTGATTTGGGTAATGAATATCCGGTTCTTGTCAAGATTACTCTTGATGAAGGTCAGCCAGCCTATGCGCCTGGTCTGTACACCGTTCATCTGTCCTCTTTCAAAGTTGGTCAGTTCGGTTCCCTTATGATTGACCGTCTGCGCCTCGTTCCGGCTAAGTAACATGGAGCAGGTCGCGGATTTCGACACAATTTATCAGGCGATGATACAAATCTCCGTTGTACTTTGTTTCGCGCTTGGTATAATCGCTGGGGGTCAAAGATGAGTGTTTTAGTGTATTCTTTTGCCTCTTTCGTTTTAGGTTGGTGCCTTCGTAGTGGCATTACGTATTTTACCCGTTTAATGGAAACTTCCTCATGAAAAAGTCTTTAGTCCTCAAAGCCTCTGTAGCCGTTGCTACCCTCGTTCCGATGCTGTCTTTCGCTGCTGAGGGTGACGATCCCGCAAAAGCGGCCTTTAACTCCCTGCAAGCCTCAGCGACCGAATATATCGGTTATGCGTGGGCGATGGTTGTTGTCATTGTCGGCGCAACTATCGGTATCAAGCTGTTTAAGAAATTCACCTCGAAAGCAAGCTGATAAACCGATACAATTAAAGGCTCCTTTTGGAGCCTTTTTTTTGGAGATTTTCAACGTGAAAAAATTATTATTCGCAATTCCTTTAGTGGTACCTTTCTATTCTCACTCTCATTATCCGCTTAGGTATATTGGTGCGAGTGCTACTGGTGGAGGTTCGGCCGAAACTGTTGAAAGTTGTTTAGCAAAATCCCATACAGAAAATTCATNACTAACGTCNGAANNNNNNNNNNNNNNN	110317
16		M13_phage	171107-05_O11_M13_3BNC_12_C3_110317_96GIII_M13_rev_Primer.ab1	M13_3BNC_12_C3_110317	HYPLRYIGASAT	LSLXGFXXVXXXXXXXDXVXXLXXXXXWXLXXLH*LNXVSLISNG*IFXXNXXVXLVRFXNVDFSSQRPDWYNEPVLKIS*GNSQ*LKLKLNHLKPNLLLVLVFLVRASLIH*MSSFXR*XGNEYPVLVKITLDEGQPAYAPGLYTVHLSSFKVGQFGSLMIDRLRLVPAK*HGAGRGFRHNLSGDDTNLRCTLFRAWYNRWGSKMSVLVYSFASFVLGWCLRSGITYFTRLMETSS*KSL*SSKPL*PLLPSFRCCLSLLRVTIPQKRPLTPCKPQRPNISVMRGRWLLSLSAQLSVSSCLRNSPRKQADKPIQLKAPFGAFFLEIFNVKKLLFAIPLVVPFYSHSHYPLRYIGASATGGGSAETVESCLAKSHTENSLLTSXXXXXXX	NCTNTCNCTATTNGGTTTTTTNNNNGTNNTCNGGNAAANNNAGGNTNNNGATANNGTGNCTCNACTANNNTNGNNATNCNTTTGGNCGTTATGNNTTCTGCATTAGTTGAATGNGGTATCCCTNATCTCCAACGGATGAATCTTCTNNNGTAATAANGNTGTTCNNTTAGTTCGTTTTANTAACGTAGATTTTTCNTCCCAACGTCCNGACTGGTATAATGAGCCAGTTCTTAAAATCTCATAAGGTAATTCACAATGATTAAAGTTGAAATTAAACCATCTCAAGCCCAATTTACTACTCGTTCTGGTGTTTCTCGTCAGGGCAAGCCTTATTCACTGAATGAGCAGCTTTNTACGTTGANTGGGTAATGAATATCCGGTTCTTGTCAAGATTACTCTTGATGAAGGTCAGCCAGCCTATGCGCCTGGTCTGTACACCGTTCATCTGTCCTCTTTCAAAGTTGGTCAGTTCGGTTCCCTTATGATTGACCGTCTGCGCCTCGTTCCGGCTAAGTAACATGGAGCAGGTCGCGGATTTCGACACAATTTATCAGGCGATGATACAAATCTCCGTTGTACTTTGTTTCGCGCTTGGTATAATCGCTGGGGGTCAAAGATGAGTGTTTTAGTGTATTCTTTTGCCTCTTTCGTTTTAGGTTGGTGCCTTCGTAGTGGCATTACGTATTTTACCCGTTTAATGGAAACTTCCTCATGAAAAAGTCTTTAGTCCTCAAAGCCTCTGTAGCCGTTGCTACCCTCGTTCCGATGCTGTCTTTCGCTGCTGAGGGTGACGATCCCGCAAAAGCGGCCTTTAACTCCCTGCAAGCCTCAGCGACCGAATATATCGGTTATGCGTGGGCGATGGTTGTTGTCATTGTCGGCGCAACTATCGGTATCAAGCTGTTTAAGAAATTCACCTCGAAAGCAAGCTGATAAACCGATACAATTAAAGGCTCCTTTTGGAGCCTTTTTTTTGGAGATTTTCAACGTGAAAAAATTATTATTCGCAATTCCTTTAGTGGTACCTTTCTATTCTCACTCTCATTATCCGCTTAGGTATATTGGTGCGAGTGCTACTGGTGGAGGTTCGGCCGAAACTGTTGAAAGTTGTTTAGCAAAATCCCATACAGAAAATTCATTACTAACGTCNGANNNNNNGNCNNNNNNNNNNN	110317
17		M13_phage	171107-05_G17_M13_PG16_c7c_A6_110317_96GIII_M13_rev_Primer.ab1	M13_PG16_c7c_A6_110317	NoMatch	XXXXXLXXXRQXLNRXXV*XFXYXAXWQXXFCKXSRXLVXSSSGKRGL**XALXMPRNSLALCICIS*MWYS*ISTDESFYX**CCSVSSFY*RRFFFPTS*LV**ASS*NRIR*FTMIKVEIKPSQAQFTTRSGVSRQGKPYSLNEQLCYVDLGNEYPVLVKITLDEGQPAYAPGLYTVHLSSFKVGQFGSLMIDRXRLVPAK*HGAGRGFRHNLSGDDTNLRCTLFRAWYNRWGSKMSVLVYSFASFVLGWCLRSGITYFTRLMETSS*KSL*SSKPL*PLLPSFRCCLSLLRVTIPQKRPLTPCKPQRPNISVMRGRWLLSLSAQLSVSSCLRNSPRKQADKPIQLKAPFGAFFLEIFNVKKLLFAIPLVVPFYSHSAETVESCLAKSHTENSX*RXXXXXXX	GNGATNNNANGANTNTTANGANGANTNCGGCAGTTNTTGAACCGCTNNNCAGTCTAANNNTTTTANTATTNCGCCNTCTGGCAANANTNNTTTTGCAAANNCTCTCGCTNTTTGGTTTTNTCGTCGTCTGGTAAACGAGGATTATGATAGNNTGCTCTAANTATGCCTCGTAATTCCTTGGCGTTATGTATCTGCATTAGTTGAATGTGGTATTCCTAAATCTCAACTGATGAATCTTTCTACCNGTAATAATGTTGTTCCGTTAGTTCGTTTTATTAACGTAGATTTTTCTTCCCAACGTCCTGACTGGTATAATGAGCCAGTTCTTAAAATCGTATAAGGTAATTCACAATGATTAAAGTTGAAATTAAACCATCTCAAGCCCAATTTACTACTCGTTCTGGTGTTTCTCGTCAGGGCAAGCCTTATTCACTGAATGAGCAGCTTTGTTACGTTGATTTGGGTAATGAATATCCGGTTCTNGTCAAGATTACTCTTGATGAAGGTCAGCCAGCCTATGCGCCTGGTCTGTACACCGTTCATCTGTCCTCTTTCAAAGTTGGTCAGTTCGGTTCCCTTATGATTGACCGTNTGCGCCTCGTTCCGGCTAAGTAACATGGAGCAGGTCGCGGATTTCGACACAATTTATCAGGCGATGATACAAATCTCCGTTGTACTTTGTTTCGCGCTTGGTATAATCGCTGGGGGTCAAAGATGAGTGTTTTAGTGTATTCTTTTGCCTCTTTCGTTTTAGGTTGGTGCCTTCGTAGTGGCATTACGTATTTTACCCGTTTAATGGAAACTTCCTCATGAAAAAGTCTTTAGTCCTCAAAGCCTCTGTAGCCGTTGCTACCCTCGTTCCGATGCTGTCTTTCGCTGCTGAGGGTGACGATCCCGCAAAAGCGGCCTTTAACTCCCTGCAAGCCTCAGCGACCGAATATATCGGTTATGCGTGGGCGATGGTTGTTGTCATTGTCGGCGCAACTATCGGTATCAAGCTGTTTAAGAAATTCACCTCGAAAGCAAGCTGATAAACCGATACAATTAAAGGCTCCTTTTGGAGCCTTTTTTTTGGAGATTTTCAACGTGAAAAAATTATTATTCGCAATTCCTTTAGTGGTACCTTTCTATTCTCACTCGGCCGAAACTGTTGAAAGTTGTTTAGCAAAATCCCATACAGAAAATTCANNCTAACGTCNNANNNNNNNNNNNNNNNNN	110317
18		plasmid	171107-05_E09_p3BNC117_A4_ec2D_M13R.ab1	p3BNC117_A4_ec2D	NoMatch	XXXXXVFRALHQQGP*HMKKLLFAIPLVVPFYSHSADMKTEEGKLVIWINGDKGYNGLAEVGKKFEKDTGIKVTVEHPDKLEEKFPQVAATGDGPDIIFWAHDRFGGYAQSGLLAEITPDKAFQDKLYPFTWDAVRYNGKLIAYPIAVEALSLIYNKDLLPNPPKTWEEIPALDKELKAKGKSALMFNLQEPYFTWPLIAADGGYAFKYENGKYDIKDVGVDNAGAKAGLTFLVDLIKNKHMNADTDYSIAEAAFNKGETAMTINGPWAWSNIDTSKVNYGVTVLPTFKGQPSKPFVGVLSAGINAASPNKELAKEFLENYLLTDEGLEAVNKDKPLGAVALKSYEEXLAXDPRXAATMETPRKVKSCRHPADVRFXXAXVLRDXXXXXXDXR*XXXXXXXFXXX	NNNNNNNNNNNNNNNNGTTTTCCGAGCACTTCACCAACAAGGACCATAGCATATGAAAAAATTATTATTCGCAATTCCTTTAGTGGTACCTTTCTATTCTCACTCGGCCGATATGAAAACTGAAGAAGGTAAACTGGTAATCTGGATTAACGGCGATAAAGGCTATAACGGTCTCGCTGAAGTCGGTAAGAAATTCGAGAAAGATACCGGAATTAAAGTCACCGTTGAGCATCCGGATAAACTGGAAGAGAAATTCCCACAGGTTGCGGCAACTGGCGATGGCCCTGACATTATCTTCTGGGCACACGACCGCTTTGGTGGCTACGCTCAATCTGGCCTGTTGGCTGAAATCACCCCGGACAAAGCGTTCCAGGACAAGCTGTATCCGTTTACCTGGGATGCCGTACGTTACAACGGCAAGCTGATTGCTTACCCGATCGCTGTTGAAGCGTTATCGCTGATTTATAACAAAGATCTGCTGCCGAACCCGCCAAAAACCTGGGAAGAGATCCCGGCGCTGGATAAAGAACTGAAAGCGAAAGGTAAGAGCGCGCTGATGTTCAACCTGCAAGAACCGTACTTCACCTGGCCGCTGATTGCTGCTGACGGGGGTTATGCGTTCAAGTATGAAAACGGCAAGTACGACATTAAAGACGTGGGCGTGGATAACGCTGGCGCGAAAGCGGGTCTGACCTTCCTGGTTGACCTGATTAAAAACAAACACATGAATGCAGACACCGATTACTCCATCGCAGAAGCTGCCTTTAATAAAGGCGAAACAGCGATGACCATCAACGGCCCGTGGGCATGGTCCAACATCGACACCAGCAAAGTGAATTATGGTGTAACGGTACTGCCGACCTTCAAGGGTCAACCATCCAAACCGTTCGTTGGCGTGCTGAGCGCAGGTATTAACGCCGCCAGTCCGAACAAAGAGCTGGCAAAAGAGTTCCTCGAAAACTATCTGCTGACTGATGAAGGTCTGGAAGCGGTTAATAAAGACAAACCGCTGGGTGCCGTAGCGCTGAAGTCNTACGAGGAANAGTTGGCGAANGATCCACGTANTGCCGCCACTATGGAAACGCCCAGAAAGGTGAAATCATGCCGACATCCCGCAGATGTCCGCTTTCNNNNTGCNNGCGTACTGCGNGATNANNNNNNGNGGNCGNCAGACNNTCGATGANCCNNAANANNNNCANACTANTTCNNNNNTCNN	
19		M13_phage	171107-05_I15_M13_3BNC_12_G1_110317_96GIII_M13_rev_Primer.ab1	M13_3BNC_12_G1_110317	HPGIYAWHATVT	XVXXXPVXTFXXXPXXXLCKXXAXXFYXRX*TRX**XAXLXSXSFGVMXLH**MWXPKSQLMNLSTCNNVFR*FVLLT*IFXPTS*LV**ASS*NRIR*FTMIKVEIKPSQAQFTTRSGVSRQGKPYSLNEQLCYVDLGNEYPVLVKITLDEGQPAYAPGLYTVHLSSFKVGQFGSLMIDRLRLVPAK*HGAGRGFRHNLSGDDTNLRCTLFRAWYNRWGSKMSVLVYSFASFVLGWCLRSGITYFTRLMETSS*KSL*SSKPL*PLLPSFRCCLSLLRVTIPQKRPLTPCKPQRPNISVMRGRWLLSLSAQLSVSSCLRNSPRKQADKPIQLKAPFGAFFLEIFNVKKLLFAIPLVVPFYSHSHPGIYAWHATVTGGGSAETVESCLAKSHTENSLLTSXXXXX	NNNGTNTGNNNNTNNCCAGTNNAAACNTTTANTNNTNCCCCCNNNNAAANTCTTTGCAAANCTNNNGCTNTTNGTTTTTATNGTCGTNNGTAAACGAGGNTATGATAGNNTGCTNTACTATNCTCGTNNTCCTTTGGCGTTATGNATCTGCATTAGTGAATGTGGTNTCCTAAATCTCAACTGATGAATCTTTCTACCTGTAATAATGTGTTCCGTTAGTTCGTTTTATTAACGTAGATTTTTNTCCCAACGTCCTGACTGGTATAATGAGCCAGTTCTTAAAATCGCATAAGGTAATTCACAATGATTAAAGTTGAAATTAAACCATCTCAAGCCCAATTTACTACTCGTTCTGGTGTTTCTCGTCAGGGCAAGCCTTATTCACTGAATGAGCAGCTTTGTTACGTTGATTTGGGTAATGAATATCCGGTTCTTGTCAAGATTACTCTTGATGAAGGTCAGCCAGCCTATGCGCCTGGTCTGTACACCGTTCATCTGTCCTCTTTCAAAGTTGGTCAGTTCGGTTCCCTTATGATTGACCGTCTGCGCCTCGTTCCGGCTAAGTAACATGGAGCAGGTCGCGGATTTCGACACAATTTATCAGGCGATGATACAAATCTCCGTTGTACTTTGTTTCGCGCTTGGTATAATCGCTGGGGGTCAAAGATGAGTGTTTTAGTGTATTCTTTTGCCTCTTTCGTTTTAGGTTGGTGCCTTCGTAGTGGCATTACGTATTTTACCCGTTTAATGGAAACTTCCTCATGAAAAAGTCTTTAGTCCTCAAAGCCTCTGTAGCCGTTGCTACCCTCGTTCCGATGCTGTCTTTCGCTGCTGAGGGTGACGATCCCGCAAAAGCGGCCTTTAACTCCCTGCAAGCCTCAGCGACCGAATATATCGGTTATGCGTGGGCGATGGTTGTTGTCATTGTCGGCGCAACTATCGGTATCAAGCTGTTTAAGAAATTCACCTCGAAAGCAAGCTGATAAACCGATACAATTAAAGGCTCCTTTTGGAGCCTTTTTTTTGGAGATTTTCAACGTGAAAAAATTATTATTCGCAATTCCTTTAGTGGTACCTTTCTATTCTCACTCTCATCCTGGGATTTATGCGTGGCATGCTACTGTTACGGGTGGAGGTTCGGCCGAAACTGTTGAAAGTTGTTTAGCAAAATCCCATACAGAAAATTCATTACTAACGTCNNAANNNNNNNNNNNN	110317
20		plasmid	171107-05_G09_p3BNC117_A4_ec3D_M13R.ab1	p3BNC117_A4_ec3D	NoMatch	XXXXVFRALXQQGP*HMKKLLFAIPLVVPFYSHSADMKTEEGKLVIWINGDKGYNGLAEVGKKFEKDTGIKVTVEHPDKLEEKFPQVAATGDGPDIIFWAHDRFGGYAQSGLLAEITPDKAFQDKLYPFTWDAVRYNGKLIAYPIAVEALSLIYNKDLLPNPPKTWEEIPALDKELKAKGKSALMFNLQEPYFTWPLIAADGGYAFKYENGKYDIKDVGVDNAGAKAGLTFLVDLIKNKHMNADTDYSIAEAAFNKGETAMTINGPWAWSNIDTSKVNYGVTVLPTFKGQPSKPFVGVLSAXLTPPVRTKSWQKSSSKTIC*LMKVWKRLIRQTAGXRXAEVLRGXLAKDPRIAATMETPRKXNHAXSRXCRFLXCXRTXGDXXXXXXXN	NNNNNNNNNTTNNNGTTTTCCGAGCACTTCNCCAACAAGGACCATAGCATATGAAAAAATTATTATTCGCAATTCCTTTAGTGGTACCTTTCTATTCTCACTCGGCCGATATGAAAACTGAAGAAGGTAAACTGGTAATCTGGATTAACGGCGATAAAGGCTATAACGGTCTCGCTGAAGTCGGTAAGAAATTCGAGAAAGATACCGGAATTAAAGTCACCGTTGAGCATCCGGATAAACTGGAAGAGAAATTCCCACAGGTTGCGGCAACTGGCGATGGCCCTGACATTATCTTCTGGGCACACGACCGCTTTGGTGGCTACGCTCAATCTGGCCTGTTGGCTGAAATCACCCCGGACAAAGCGTTCCAGGACAAGCTGTATCCGTTTACCTGGGATGCCGTACGTTACAACGGCAAGCTGATTGCTTACCCGATCGCTGTTGAAGCGTTATCGCTGATTTATAACAAAGATCTGCTGCCGAACCCGCCAAAAACCTGGGAAGAGATCCCGGCGCTGGATAAAGAACTGAAAGCGAAAGGTAAGAGCGCGCTGATGTTCAACCTGCAAGAACCGTACTTCACCTGGCCGCTGATTGCTGCTGACGGGGGTTATGCGTTCAAGTATGAAAACGGCAAGTACGACATTAAAGACGTGGGCGTGGATAACGCTGGCGCGAAAGCGGGTCTGACCTTCCTGGTTGACCTGATTAAAAACAAACACATGAATGCAGACACCGATTACTCCATCGCAGAAGCTGCCTTTAATAAAGGCGAAACAGCGATGACCATCAACGGCCCGTGGGCATGGTCCAACATCGACACCAGCAAAGTGAATTATGGTGTAACGGTACTGCCGACCTTCAAGGGTCAACCATCCAAACCGTTCGTTGGCGTGCTGAGCGCNNTATTAACGCCGCCAGTCCGAACAAAGAGCTGGCAAAAGAGTTCCTCGAAAACTATCTGCTGACTGATGAAGGTCTGGAAGCGGTTAATAAGACAAACCGCTGGGNGCCGNANCGCTGAAGTCTTACGAGGANAGTTGGCGAAAGATCCACGTATTGCCGCCACTATGGAAACGCCCAGAAAGNGAAATCATGCNANATCCCGCANATGTCGCTTTCTGGNATGCGNGCGNACNGNNGGNGATCANNCCNCCNGCNGNCNNCNNAACTG	
21		M13_phage	171107-05_A13_M13_3BNC_12_C5_110317_96GIII_M13_rev_Primer.ab1	M13_3BNC_12_C5_110317	HYPLRYIGASAT	XKTSXAKASXLFLXFIVVW*TRX**XCSTXLVIXLALXSA*LNXVS*ISTDESFYX**CVPLVRLLT*IFLPNXXLV**ASS*NLIR*FTMIKVEIKPSQAQFTTRSGVSRQGKXYSLNEQLCYVDLGNEYPVLVKITLDEGQPAYAPGLYTVHLSSFKVGQFGSLMIDRLRLVPAK*HGAGRGFRHNLSGDDTNLRCTLFRAWYNRWGSKMSVLVYSFASFVLGWCLRSGITYFTRLMETSS*KSL*SSKPL*PLLPSFRCCLSLLRVTIPQKRPLTPCKPQRPNISVMRGRWLLSLSAQLSVSSCLRNSPRKQADKPIQLKAPFGAFFLEIFNVKKLLFAIPLVVPFYSHSHYPLRYIGASATGGGSAETVESCLAKSHTENSXLTXXXXXXX	NNNGCAAAACTTCTTTNGCAAAAGCCTCTNNGCTATTTTTGGNTTTTATCGTCGTCTGGTAAACGAGGNNATGATAGNGTTGCTCTACTANNCTCGTAATTNCTTTGGCGTTANTATCTGCATAGTTGAATGNGGTNTCCTAAATCTCAACTGATGAATCTTTCTACCNGTAATAATGTGTTCCGTTAGTTCGTTTATTAACGTAGATTTTTCTTCCCAACGNCNGACTGGTATAATGAGCCAGTTCTTAAAATCTCATAAGGTAATTCACAATGATTAAAGTTGAAATTAAACCATCTCAAGCCCAATTTACTACTCGTTCTGGTGTTTCTCGTCAGGGCAAGNNTTATTCACTGAATGAGCAGCTTTGTTACGTTGATTTGGGTAATGAATATCCGGTTCTTGTCAAGATTACTCTTGATGAAGGTCAGCCAGCCTATGCGCCTGGTCTGTACACCGTTCATCTGTCCTCTTTCAAAGTTGGTCAGTTCGGTTCCCTTATGATTGACCGTCTGCGCCTCGTTCCGGCTAAGTAACATGGAGCAGGTCGCGGATTTCGACACAATTTATCAGGCGATGATACAAATCTCCGTTGTACTTTGTTTCGCGCTTGGTATAATCGCTGGGGGTCAAAGATGAGTGTTTTAGTGTATTCTTTTGCCTCTTTCGTTTTAGGTTGGTGCCTTCGTAGTGGCATTACGTATTTTACCCGTTTAATGGAAACTTCCTCATGAAAAAGTCTTTAGTCCTCAAAGCCTCTGTAGCCGTTGCTACCCTCGTTCCGATGCTGTCTTTCGCTGCTGAGGGTGACGATCCCGCAAAAGCGGCCTTTAACTCCCTGCAAGCCTCAGCGACCGAATATATCGGTTATGCGTGGGCGATGGTTGTTGTCATTGTCGGCGCAACTATCGGTATCAAGCTGTTTAAGAAATTCACCTCGAAAGCAAGCTGATAAACCGATACAATTAAAGGCTCCTTTTGGAGCCTTTTTTTTGGAGATTTTCAACGTGAAAAAATTATTATTCGCAATTCCTTTAGTGGTACCTTTCTATTCTCACTCTCATTATCCGCTTAGGTATATTGGTGCGAGTGCTACTGGTGGAGGTTCGGCCGAAACTGTTGAAAGTTGTTTAGCAAAATCCCATACAGAAAATTCANTACTAACGTNNNNNNNNNNNNNNNNNNNNNN	110317
22		M13_phage	171107-05_K11_M13_3BNC_12_C1_110317_96GIII_M13_rev_Primer.ab1	M13_3BNC_12_C1_110317	HYPLRYIGASAT	XXXXXXXLLXPPXAXFFXKXXXXWFYRRXXXXYDSVLYYAXXSFWRXXSA**MWYS*ISTDESFYL**CCSVSSFY*RRFFFPTS*LV**ASS*NLIR*FTMIKVEIKPSQAQFTTRSGVSRQGKPYSLNEQLCYVDLGNEYPVLVKITLDEGQPAYAPGLYTVHLSSFKVGQFGSLMIDRLRLVPAK*HGAGRGFRHNLSGDDTNLRCTLFRAWYNRWGSKMSVLVYSFASFVLGWCLRSGITYFTRLMETSS*KSL*SSKPL*PLLPSFRCCLSLLRVTIPQKRPLTPCKPQRPNISVMRGRWLLSLSAQLSVSSCLRNSPRKQADKPIQLKAPFGAFFLEIFNVKKLLFAIPLVVPFYSHSHYPLRYIGASATGGGSAETVESCLAKSHTENSXLTSXXXXXX	NNNNTANNNCNNNTNNAANNNTTTACTNTTNCCCCCNNNGGCAAANTTCTTTNCAAAGCNNNTCGNTNTTTGGTTTTATCGTCGTNNGTNNNGANGNTATGATAGTGTNCTCTACTATGCCTNGTANTCCTTTTGGCGTTANNNNTCTGCATAGTGAATGTGGTATTCCTAAATCTCAACTGATGAATCTTTCTACCTGTAATAATGTTGTTCCGTTAGTTCGTTTTATTAACGTAGATTTTTCTTCCCAACGTCCTGACTGGTATAATGAGCCAGTTCTTAAAATCTCATAAGGTAATTCACAATGATTAAAGTTGAAATTAAACCATCTCAAGCCCAATTTACTACTCGTTCTGGTGTTTCTCGTCAGGGCAAGCCTTATTCACTGAATGAGCAGCTTTGTTACGTTGATTTGGGTAATGAATATCCGGTTCTTGTCAAGATTACTCTTGATGAAGGTCAGCCAGCCTATGCGCCTGGTCTGTACACCGTTCATCTGTCCTCTTTCAAAGTTGGTCAGTTCGGTTCCCTTATGATTGACCGTCTGCGCCTCGTTCCGGCTAAGTAACATGGAGCAGGTCGCGGATTTCGACACAATTTATCAGGCGATGATACAAATCTCCGTTGTACTTTGTTTCGCGCTTGGTATAATCGCTGGGGGTCAAAGATGAGTGTTTTAGTGTATTCTTTTGCCTCTTTCGTTTTAGGTTGGTGCCTTCGTAGTGGCATTACGTATTTTACCCGTTTAATGGAAACTTCCTCATGAAAAAGTCTTTAGTCCTCAAAGCCTCTGTAGCCGTTGCTACCCTCGTTCCGATGCTGTCTTTCGCTGCTGAGGGTGACGATCCCGCAAAAGCGGCCTTTAACTCCCTGCAAGCCTCAGCGACCGAATATATCGGTTATGCGTGGGCGATGGTTGTTGTCATTGTCGGCGCAACTATCGGTATCAAGCTGTTTAAGAAATTCACCTCGAAAGCAAGCTGATAAACCGATACAATTAAAGGCTCCTTTTGGAGCCTTTTTTTTGGAGATTTTCAACGTGAAAAAATTATTATTCGCAATTCCTTTAGTGGTACCTTTCTATTCTCACTCTCATTATCCGCTTAGGTATATTGGTGCGAGTGCTACTGGTGGAGGTTCGGCCGAAACTGTTGAAAGTTGTTTAGCAAAATCCCATACAGAAAATTCATNACTAACGTCNGANNNNNNNNNNNNNNNNN	110317
23		M13_phage	171107-05_I13_M13_3BNC_12_D6_110317_96GIII_M13_rev_Primer.ab1	M13_3BNC_12_D6_110317	HGWASLLNYSWY	DXXXXXXXXXQX*TFXIXPXXXXXXXXXXXXVXSSXVXRVMIVCSTXLVXLLAXCICISECGXLNLN**IFLPVIMLFR*FVLLT*IFLPNVXLV**ASS*NRIR*FTMIKVEIKPSQAQFTTRSGVSRQGKPYSLNEQLCYVDLGNEYPVLVKITLDEGQPAYAPGLYTVHLSSFKVGQFGSLMIDRLRLVPAK*HGAGRGFRHNLSGDDTNLRCTLFRAWYNRWGSKMSVLVYSFASFVLGWCLRSGITYFTRLMETSS*KSL*SSKPL*PLLPSFRCCLSLLRVTIPQKRPLTPCKPQRPNISVMRGRWLLSLSAQLSVSSCLRNSPRKQADKPIQLKAPFGAFFLEIFNVKKLLFAIPLVVPFYSHSHGWASLLNYSWYGGGSAETVESCLAKSHTENSLLTSXXXXX	NGATTNNNNNNNNNNTNNTTGNNCGNCTANNCAGTTNTAAACNTTTANTATTNCCCCCNNNNNCNAAANTNTTTNCAANNNNNTNNGCTNTTTNGTNTNATCGTCGTNNGTNANGAGGGTTATGATAGTNTGCTCTACTATNCTCGTANTCCTTTTGGCGTNATGTATCTGCATTAGTGAATGTGGTNTCCTAAATCTCAACTGATGAATCTTTCTACCTGTAATAATGTTGTTCCGTTAGTTCGTTTTATTAACGTAGATTTTTCTTCCCAACGTNNGACTGGTATAATGAGCCAGTTCTTAAAATCGTATAAGGTAATTCACAATGATTAAAGTTGAAATTAAACCATCTCAAGCCCAATTTACTACTCGTTCTGGTGTTTCTCGTCAGGGCAAGCCTTATTCACTGAATGAGCAGCTTTGTTACGTTGATTTGGGTAATGAATATCCGGTTCTTGTCAAGATTACTCTTGATGAAGGTCAGCCAGCCTATGCGCCTGGTCTGTACACCGTTCATCTGTCCTCTTTCAAAGTTGGTCAGTTCGGTTCCCTTATGATTGACCGTCTGCGCCTCGTTCCGGCTAAGTAACATGGAGCAGGTCGCGGATTTCGACACAATTTATCAGGCGATGATACAAATCTCCGTTGTACTTTGTTTCGCGCTTGGTATAATCGCTGGGGGTCAAAGATGAGTGTTTTAGTGTATTCTTTTGCCTCTTTCGTTTTAGGTTGGTGCCTTCGTAGTGGCATTACGTATTTTACCCGTTTAATGGAAACTTCCTCATGAAAAAGTCTTTAGTCCTCAAAGCCTCTGTAGCCGTTGCTACCCTCGTTCCGATGCTGTCTTTCGCTGCTGAGGGTGACGATCCCGCAAAAGCGGCCTTTAACTCCCTGCAAGCCTCAGCGACCGAATATATCGGTTATGCGTGGGCGATGGTTGTTGTCATTGTCGGCGCAACTATCGGTATCAAGCTGTTTAAGAAATTCACCTCGAAAGCAAGCTGATAAACCGATACAATTAAAGGCTCCTTTTGGAGCCTTTTTTTTGGAGATTTTCAACGTGAAAAAATTATTATTCGCAATTCCTTTAGTGGTACCTTTCTATTCTCACTCTCATGGTTGGGCGTCGCTTTTGAATTATAGTTGGTATGGTGGAGGTTCGGCCGAAACTGTTGAAAGTTGTTTAGCAAAATCCCATACAGAAAATTCATTACTAACGTCNNANNNNNNCNNNNNN	110317
24		M13_phage	171107-05_E11_M13_3BNC_12_B2_110317_96GIII_M13_rev_Primer.ab1	M13_3BNC_12_B2_110317	HPGIYAWHATVT	XXXXSXSALVNGVFLNXN**IXLXX*WCPLVRXXX*IFFPTS*LV**ASX*IA*GNSQ*LKLKXTHLKPNLLLVXVFLVRASLYSLNEQLCYVDLGNEYPVLVKITLDEGQPAYAPGLYTVHLSSFKVGQFGSLMIDRLRLVPAK*HGAGRGFRHNLSGDDTNLRCTLFRAWYNRWGSKMSVLVYSFASFVLGWCLRSGITYFTRLMETSS*KSL*SSKPL*PLLPSFRCCLSLLRVTIPQKRPLTPCKPQRPNISVMRGRWLLSLSAQLSVSSCLRNSPRKQADKPIQLKAPFGAFFLEIFNVKKLLFAIPLVVPFYSHSHPGIYAWHATVTGGGSAETVESCLAKSHTENSLLTSXXXXX	TANTCCNTNGGNGTTCANTATCGGCATTAGTGAATGGTGTATTCCTAAATNTCAACTGATGAATCTTNCTNCNGNNATAATGGTGTCCGTTAGTTCGTNTNNTACNGTAGATTTTCTTCCCAACGTCATGACTGGTATAATGAGCCAGTTNTTAAATCGCATAAGGTAATTCACAATGATTAAAGTTGAAATTNACCCATCTCAAGCCCAATTTACTACTCGTTNTGGTGTTTCTCGTCAGGGCAAGCCTTTATTCACTGAATGAGCAGCTTTGTTACGTTGATTTGGGTAATGAATATCCGGTTCTTGTCAAGATTACTCTTGATGAAGGTCAGCCAGCCTATGCGCCTGGTCTGTACACCGTTCATCTGTCCTCTTTCAAAGTTGGTCAGTTCGGTTCCCTTATGATTGACCGTCTGCGCCTCGTTCCGGCTAAGTAACATGGAGCAGGTCGCGGATTTCGACACAATTTATCAGGCGATGATACAAATCTCCGTTGTACTTTGTTTCGCGCTTGGTATAATCGCTGGGGGTCAAAGATGAGTGTTTTAGTGTATTCTTTTGCCTCTTTCGTTTTAGGTTGGTGCCTTCGTAGTGGCATTACGTATTTTACCCGTTTAATGGAAACTTCCTCATGAAAAAGTCTTTAGTCCTCAAAGCCTCTGTAGCCGTTGCTACCCTCGTTCCGATGCTGTCTTTCGCTGCTGAGGGTGACGATCCCGCAAAAGCGGCCTTTAACTCCCTGCAAGCCTCAGCGACCGAATATATCGGTTATGCGTGGGCGATGGTTGTTGTCATTGTCGGCGCAACTATCGGTATCAAGCTGTTTAAGAAATTCACCTCGAAAGCAAGCTGATAAACCGATACAATTAAAGGCTCCTTTTGGAGCCTTTTTTTTGGAGATTTTCAACGTGAAAAAATTATTATTCGCAATTCCTTTAGTGGTACCTTTCTATTCTCACTCTCATCCTGGGATTTATGCGTGGCATGCTACTGTTACGGGTGGAGGTTCGGCCGAAACTGTTGAAAGTTGTTTAGCAAAATCCCATACAGAAAATTCATTACTAACGTCNNNNNNNNNNNNNNNNNN	110317
25		M13_phage	171107-05_M09_M13_3BNC_12_A1_110317_96GIII_M13_rev_Primer.ab1	M13_3BNC_12_A1_110317	HYPLRYIGASAT	XXXXAXXXCKKXXAXWFYRRXVXEXXDXDCSXYAS*XXXVMYXH*LNXXXXXSTDESFYL**CCSVSSFY*RRFFFPTS*LV**ASS*NLIR*FTMIKVEIKPSQAQFTTRSGVSRQGKPYSLNEQLCYVDLGNEYPVLVKITLDEGQPAYAPGLYTVHLSSFKVGQFGSLMIDRLRLVPAK*HGAGRGFRHNLSGDDTNLRCTLFRAWYNRWGSKMSVLVYSFASFVLGWCLRSGITYFTRLMETSS*KSL*SSKPL*PLLPSFRCCLSLLRVTIPQKRPLTPCKPQRPNISVMRGRWLLSLSAQLSVSSCLRNSPRKQADKPIQLKAPFGAFFLEIFNVKKLLFAIPLVVPFYSHSHYPLRYIGASATGGGSAETVESCLAKSHTENSLLTSXXXXX	NNNNCCCNTCNGGCAAANNTNNTTTGCAAAAAGCNNNNNGCNNTNTGGTTTTATCGTCGTCNGGTANNNGAGGNNNATGATAGNGATTGCTCTTNNTATGCCTCGTAATTNNNTGNCGTTATGTATNNGCATTAGTTGAATGNGNTATNCNGAATNTCAACTGATGAATCTTTCTACCTGTAATAATGTTGTTCCGTTAGTTCGTTTTATTAACGTAGATTTTTCTTCCCAACGTCCTGACTGGTATAATGAGCCAGTTCTTAAAATCTCATAAGGTAATTCACAATGATTAAAGTTGAAATTAAACCATCTCAAGCCCAATTTACTACTCGTTCTGGTGTTTCTCGTCAGGGCAAGCCTTATTCACTGAATGAGCAGCTTTGTTACGTTGATTTGGGTAATGAATATCCGGTTCTTGTCAAGATTACTCTTGATGAAGGTCAGCCAGCCTATGCGCCTGGTCTGTACACCGTTCATCTGTCCTCTTTCAAAGTTGGTCAGTTCGGTTCCCTTATGATTGACCGTCTGCGCCTCGTTCCGGCTAAGTAACATGGAGCAGGTCGCGGATTTCGACACAATTTATCAGGCGATGATACAAATCTCCGTTGTACTTTGTTTCGCGCTTGGTATAATCGCTGGGGGTCAAAGATGAGTGTTTTAGTGTATTCTTTTGCCTCTTTCGTTTTAGGTTGGTGCCTTCGTAGTGGCATTACGTATTTTACCCGTTTAATGGAAACTTCCTCATGAAAAAGTCTTTAGTCCTCAAAGCCTCTGTAGCCGTTGCTACCCTCGTTCCGATGCTGTCTTTCGCTGCTGAGGGTGACGATCCCGCAAAAGCGGCCTTTAACTCCCTGCAAGCCTCAGCGACCGAATATATCGGTTATGCGTGGGCGATGGTTGTTGTCATTGTCGGCGCAACTATCGGTATCAAGCTGTTTAAGAAATTCACCTCGAAAGCAAGCTGATAAACCGATACAATTAAAGGCTCCTTTTGGAGCCTTTTTTTTGGAGATTTTCAACGTGAAAAAATTATTATTCGCAATTCCTTTAGTGGTACCTTTCTATTCTCACTCTCATTATCCGCTTAGGTATATTGGTGCGAGTGCTACTGGTGGAGGTTCGGCCGAAACTGTTGAAAGTTGTTTAGCAAAATCCCATACAGAAAATTCATTACTAACGTCNNANNNNNNNNNNNNNNN	110317
26		M13_phage	171107-05_E15_M13_3BNC_12_F4_110317_96GIII_M13_rev_Primer.ab1	M13_3BNC_12_F4_110317	HPTFVH*GMATS	XXGXXXXXNXXXXPXXQXXFAKAXAXLVXSSXVNEGMIXVLYYASXXXGXMYLX**MXXPKSQLMNLSTCNNXFR*FVLLT*IFFPTS*LV**ASS*NRIR*FTMIKVEIKPSQAQFTTRSGVSRQGKPYSLNEQLCYVDLGNEYPVLVKITLDEGQPAYAPGLYTVHLSSFKVGQFGSLMIDRLRLVPAK*HGAGRGFRHNLSGDDTNLRCTLFRAWYNRWGSKMSVLVYSFASFVLGWCLRSGITYFTRLMETSS*KSL*SSKPL*PLLPSFRCCLSLLRVTIPQKRPLTPCKPQRPNISVMRGRWLLSLSAQLSVSSCLRNSPRKQADKPIQLKAPFGAFFLEIFNVKKLLFAIPLVVPFYSHSHPTFVH*GMATSGGGSAETVESCLAKSHTENSLLTSXXRXX	NNNNNNGGGNNNNNNNNNNTTNNAAACNTTTNNTNTTNNCCCCNNNGGCAAAANTTNTTTGCAAAAGCNNTNGCTNNTTTGGTTTTNTCGTCGTNNGTAAACGAGGGTATGATAGNNGTGCTCTACTATGCCTCGTANTTNNNTGGNNGTATGTATCTGCNTTAGTGAATGNNGTNTCCTAAATCTCAACTGATGAATCTTTCTACCTGTAATAATNTGTTCCGTTAGTTCGTTTTATTAACGTAGATTTTCTTCCCAACGTCCTGACTGGTATAATGAGCCAGTTCTTAAAATCGCATAAGGTAATTCACAATGATTAAAGTTGAAATTAAACCATCTCAAGCCCAATTTACTACTCGTTCTGGTGTTTCTCGTCAGGGCAAGCCTTATTCACTGAATGAGCAGCTTTGTTACGTTGATTTGGGTAATGAATATCCGGTTCTTGTCAAGATTACTCTTGATGAAGGTCAGCCAGCCTATGCGCCTGGTCTGTACACCGTTCATCTGTCCTCTTTCAAAGTTGGTCAGTTCGGTTCCCTTATGATTGACCGTCTGCGCCTCGTTCCGGCTAAGTAACATGGAGCAGGTCGCGGATTTCGACACAATTTATCAGGCGATGATACAAATCTCCGTTGTACTTTGTTTCGCGCTTGGTATAATCGCTGGGGGTCAAAGATGAGTGTTTTAGTGTATTCTTTTGCCTCTTTCGTTTTAGGTTGGTGCCTTCGTAGTGGCATTACGTATTTTACCCGTTTAATGGAAACTTCCTCATGAAAAAGTCTTTAGTCCTCAAAGCCTCTGTAGCCGTTGCTACCCTCGTTCCGATGCTGTCTTTCGCTGCTGAGGGTGACGATCCCGCAAAAGCGGCCTTTAACTCCCTGCAAGCCTCAGCGACCGAATATATCGGTTATGCGTGGGCGATGGTTGTTGTCATTGTCGGCGCAACTATCGGTATCAAGCTGTTTAAGAAATTCACCTCGAAAGCAAGCTGATAAACCGATACAATTAAAGGCTCCTTTTGGAGCCTTTTTTTTGGAGATTTTCAACGTGAAAAAATTATTATTCGCAATTCCTTTAGTGGTACCTTTCTATTCTCACTCTCATCCGACTTTTGTTCATTAGGGTATGGCTACTTCTGGTGGAGGTTCGGCCGAAACTGTTGAAAGTTGTTTAGCAAAATCCCATACAGAAAATTCATTACTAACGTCTGNANNNCGNNNNNNNNN	110317
27		M13_phage	171107-05_E17_M13_PG16_12_D6_110317_96GIII_M13_rev_Primer.ab1	M13_PG16_12_D6_110317	HYPLRYIGASAT	XXXXXGKXXCKXXXXXXXXRXXXXYDRCCXTXPRNPFGVMYLH*LNVVFLNLN**IFLPVIMLFRSSFY*RRFFFPTS*LV**ASS*NLIR*FTMIKVEIKPSQAQFTTRSGVSRQGKPYSLNEQLCYVDLGNEYPVLVKITLDEGQPAYAPGLYTVHLSSFKVGQFGSLMIDRLRLVPAK*HGAGRGFRHNLSGDDTNLRCTLFRAWYNRWGSKMSVLVYSFASFVLGWCLRSGITYFTRLMETSS*KSL*SSKPL*PLLPSFRCCLSLLRVTIPQKRPLTPCKPQRPNISVMRGRWLLSLSAQLSVSSCLRNSPRKQADKPIQLKAPFGAFFLEIFNVKKLLFAIPLVVPFYSHSHYPLRYIGASATGGGSAETVESCLAKSHTENSLLTSXXRXXX	TNNNTNTNNNCCTNNGGCAAAANTNTTTGCAAANCCNCNNNNTNTTTNNTTTNTNGTCGTNNGTANNGAGNNTATGATAGGTGTTGCNNTACTATNCCTCGTAATCCCTTTGGCGTNATGTATCTGCATTAGTTGAATGTGGTATTCCTAAATCTCAACTGATGAATCTTTCTNCCTGTAATAATGTTGTTCCGTAGTTCGTTTTATTAACGTAGATTTTTCTTCCCAACGTCCTGACTGGTATAATGAGCCAGTTCTTAAAATCTCATAAGGTAATTCACAATGATTAAAGTTGAAATTAAACCATCTCAAGCCCAATTTACTACTCGTTCTGGTGTTTCTCGTCAGGGCAAGCCTTATTCACTGAATGAGCAGCTTTGTTACGTTGATTTGGGTAATGAATATCCGGTTCTTGTCAAGATTACTCTTGATGAAGGTCAGCCAGCCTATGCGCCTGGTCTGTACACCGTTCATCTGTCCTCTTTCAAAGTTGGTCAGTTCGGTTCCCTTATGATTGACCGTCTGCGCCTCGTTCCGGCTAAGTAACATGGAGCAGGTCGCGGATTTCGACACAATTTATCAGGCGATGATACAAATCTCCGTTGTACTTTGTTTCGCGCTTGGTATAATCGCTGGGGGTCAAAGATGAGTGTTTTAGTGTATTCTTTTGCCTCTTTCGTTTTAGGTTGGTGCCTTCGTAGTGGCATTACGTATTTTACCCGTTTAATGGAAACTTCCTCATGAAAAAGTCTTTAGTCCTCAAAGCCTCTGTAGCCGTTGCTACCCTCGTTCCGATGCTGTCTTTCGCTGCTGAGGGTGACGATCCCGCAAAAGCGGCCTTTAACTCCCTGCAAGCCTCAGCGACCGAATATATCGGTTATGCGTGGGCGATGGTTGTTGTCATTGTCGGCGCAACTATCGGTATCAAGCTGTTTAAGAAATTCACCTCGAAAGCAAGCTGATAAACCGATACAATTAAAGGCTCCTTTTGGAGCCTTTTTTTTGGAGATTTTCAACGTGAAAAAATTATTATTCGCAATTCCTTTAGTGGTACCTTTCTATTCTCACTCTCATTATCCGCTTAGGTATATTGGTGCGAGTGCTACTGGTGGAGGTTCGGCCGAAACTGTTGAAAGTTGTTTAGCAAAATCCCATACAGAAAATTCATTACTAACGTCTNANNNNCGNNNNNNNNNN	110317
28		plasmid	171002-06_A01_pVRC01_A4_ec1_092817_M13R.ab1	pVRC01_A4_ec1_092817	CPWTFWNYC	XXXXVFSRALXQQGP*HMKKLLFAIPLVVPFYSHSACPWTFWNYCGGGSADMKTEEGKLVIWINGDKGYNGLAEVGKKFEKDTGIKVTVEHPDKLEEKFPQVAATGDGPDIIFWAHDRFGGYAQSGLLAEITPDKAFQDKLYPFTWDAVRYNGKLIAYPIAVEALSLIYNKDLLPNPPKTWEEIPALDKELKAKGKSALMFNLQEPYFTWPLIAADGGYAFKYENGKYDIKDVGVDNAGAKAGLTFLVDLIKNKHMNADTDYSIAEAAFNKGETAMTINGPWAWSNIDTSKVNYGVTVLPTFKGQPSKPFVGVLSAXLTPPVRTKSWQRVPRKLSAD**GLEAVXKDXXWXXXAESYXEXWRKIHVLPPLWKTPRKVKSC	NNNNNNNNGNNNAGGTGTTTTCNCGAGCACTTCNCCAACAAGGACCATAGCATATGAAAAAATTATTATTCGCAATTCCTTTAGTGGTACCTTTCTATTCTCACTCTGCTTGTCCGTGGACGTTTTGGAATTATTGCGGTGGAGGTTCGGCCGATATGAAAACTGAAGAAGGTAAACTGGTAATCTGGATTAACGGCGATAAAGGCTATAACGGTCTCGCTGAAGTCGGTAAGAAATTCGAGAAAGATACCGGAATTAAAGTCACCGTTGAGCATCCGGATAAACTGGAAGAGAAATTCCCACAGGTTGCGGCAACTGGCGATGGCCCTGACATTATCTTCTGGGCACACGACCGCTTTGGTGGCTACGCTCAATCTGGCCTGTTGGCTGAAATCACCCCGGACAAAGCGTTCCAGGACAAGCTGTATCCGTTTACCTGGGATGCCGTACGTTACAACGGCAAGCTGATTGCTTACCCGATCGCTGTTGAAGCGTTATCGCTGATTTATAACAAAGATCTGCTGCCGAACCCGCCAAAAACCTGGGAAGAGATCCCGGCGCTGGATAAAGAACTGAAAGCGAAAGGTAAGAGCGCGCTGATGTTCAACCTGCAAGAACCGTACTTCACCTGGCCGCTGATTGCTGCTGACGGGGGTTATGCGTTCAAGTATGAAAACGGCAAGTACGACATTAAAGACGTGGGCGTGGATAACGCTGGCGCGAAAGCGGGTCTGACCTTCCTGGTTGACCTGATTAAAAACAAACACATGAATGCAGACACCGATTACTCCATCGCAGAAGCTGCCTTTAATAAAGGCGAAACAGCGATGACCATCAACGGCCCGTGGGCATGGTCCAACATCGACACCAGCAAAGTGAATTATGGTGTAACGGTACTGCCGACCTTCAAGGGTCAACCATCCAAACCGTTCGTTGGCGTGCTGAGCGCNNTATTAACGCCGCCAGTCCGAACAAAGAGCTGGCAAAGAGTTCCTCGAAAACTATCTGCTGACTGATGAGGTCTGGAAGCGGTTANTAAAGACAANCNCTGGGNNCNTANCGCTGAGTCTTACGANGAGANTTGGCGAAAGATCCACGTATTGCCGCCACTATGGAAAACGCCCAGAAAGGTGAAATCATGCNN	092817
29		M13_phage	171107-05_O15_M13_3BNC_12_H1_110317_96GIII_M13_rev_Primer.ab1	M13_3BNC_12_H1_110317	HYPLRYIGASAT	XXXXXXXLSXXXXQXXXXXXXXXXQSXXXXYPXXXXXKXXXXXFXVVCXEGXDSVAXXXLVXXRXXLXXEXGIPKXSXDEXFLPVXMLFR*FVY*RRFFFPTS*LV**ASS*NLIR*FTMIKVEIKPSQAQFTTRSGVSRQGKPYSLNEQLCYVDLGNEYPVLVKITLDEGQPAYAPGLYTVHLSSFKVGQFGSLMIDRLRLVPAK*HGAGRGFRHNLSGDDTNLRCTLFRAWYNRWGSKMSVLVYSFASFVLGWCLRSGITYFTRLMETSS*KSL*SSKPL*PLLPSFRCCLSLLRVTIPQKRPLTPCKPQRPNISVMRGRWLLSLSAQLSVSSCLRNSPRKQADKPIQLKAPFGAFFLEIFNVKKLLFAIPLVVPFYSHSHYPLRYIGASATGGGSAETVESCLAKSHTENSXLTSXXXXXXX	NNNNNNNNNNNNTTNNNNNNNNTTAAGCNTNNNGGNGNATCAANNANNTTNNNNNNNTNNCNNNNNGNNNNNNCAGTCNAANCNTTNNATNTACCCCNNNGNNNNTNNTTNCAAAANCNNNNNNANTTNGTTTNTNGTNGTNTGTAANGAGGGTNNAGATAGTGTTGCTNNTNNNNNNCTCGTANNNNNGCGTANNNNTCTGCNTNNTGAATGNGGTATTCCTAAATNTTCAANTGATGAATNNTTTCTACCNGTAATNATGTTGTTCCGTTAGTTCGTTTATTAACGTAGATTTTTCTTCCCAACGTCCTGACTGGTATAATGAGCCAGTTCTTAAAATCTCATAAGGTAATTCACAATGATTAAAGTTGAAATTAAACCATCTCAAGCCCAATTTACTACTCGTTCTGGTGTTTCTCGTCAGGGCAAGCCTTATTCACTGAATGAGCAGCTTTGTTACGTTGATTTGGGTAATGAATATCCGGTTCTTGTCAAGATTACTCTTGATGAAGGTCAGCCAGCCTATGCGCCTGGTCTGTACACCGTTCATCTGTCCTCTTTCAAAGTTGGTCAGTTCGGTTCCCTTATGATTGACCGTCTGCGCCTCGTTCCGGCTAAGTAACATGGAGCAGGTCGCGGATTTCGACACAATTTATCAGGCGATGATACAAATCTCCGTTGTACTTTGTTTCGCGCTTGGTATAATCGCTGGGGGTCAAAGATGAGTGTTTTAGTGTATTCTTTTGCCTCTTTCGTTTTAGGTTGGTGCCTTCGTAGTGGCATTACGTATTTTACCCGTTTAATGGAAACTTCCTCATGAAAAAGTCTTTAGTCCTCAAAGCCTCTGTAGCCGTTGCTACCCTCGTTCCGATGCTGTCTTTCGCTGCTGAGGGTGACGATCCCGCAAAAGCGGCCTTTAACTCCCTGCAAGCCTCAGCGACCGAATATATCGGTTATGCGTGGGCGATGGTTGTTGTCATTGTCGGCGCAACTATCGGTATCAAGCTGTTTAAGAAATTCACCTCGAAAGCAAGCTGATAAACCGATACAATTAAAGGCTCCTTTTGGAGCCTTTTTTTTGGAGATTTTCAACGTGAAAAAATTATTATTCGCAATTCCTTTAGTGGTACCTTTCTATTCTCACTCTCATTATCCGCTTAGGTATATTGGTGCGAGTGCTACTGGTGGAGGTTCGGCCGAAACTGTTGAAAGTTGTTTAGCAAAATCCCATACAGAAAATTCNNNACTAACGTCNNNANNNNNGNCCNNNNNNNNN	110317
30		M13_phage	171107-05_I11_M13_3BNC_12_B5_110317_96GIII_M13_rev_Primer.ab1	M13_3BNC_12_B5_110317	HYPLRYIGASAT	XXXWXAXXXXXXXXPXXXXXXKXXXXXXXSXVXXXMIVCSTMLVXXLALCXXIS*MWYS*XSTDESFYL**CCSVSSFY*RRFFFPTS*LV**ASS*NLIR*FTMIKVEIKPSQAQFTTRSGVSRQGKPYSLNEQLCYVDLGNEYPVLVKITLDEGQPAYAPGLYTVHLSSFKVGQFGSLMIDRLRLVPAK*HGAGRGFRHNLSGDDTNLRCTLFRAWYNRWGSKMSVLVYSFASFVLGWCLRSGITYFTRLMETSS*KSL*SSKPL*PLLPSFRCCLSLLRVTIPQKRPLTPCKPQRPNISVMRGRWLLSLSAQLSVSSCLRNSPRKQADKPIQLKAPFGAFFLEIFNVKKLLFAIPLVVPFYSHSHYPLRYIGASATGGGSAETVESCLAKSHTENSXLTSXXXXX	NNNNNNNANTTGGNNNGCNNNNNGTNNAANNNTTTNNNTNNNCCCNNNNNAAANNNNTTTNCNAAAGCNNNNGCNNNTNNTTTTNNNGTCGTNTGTAANGANGGNNATGATAGTNTGCTCTACTATGCTNGTANNCCNTTTGGCGTTATGTATNNGCATTAGTTGAATGTGGTATTCCTAAATNTCAACTGATGAATCTTTCTACCTGTAATAATGTTGTTCCGTTAGTTCGTTTTATTAACGTAGATTTTTCTTCCCAACGTCCTGACTGGTATAATGAGCCAGTTCTTAAAATCTCATAAGGTAATTCACAATGATTAAAGTTGAAATTAAACCATCTCAAGCCCAATTTACTACTCGTTCTGGTGTTTCTCGTCAGGGCAAGCCTTATTCACTGAATGAGCAGCTTTGTTACGTTGATTTGGGTAATGAATATCCGGTTCTTGTCAAGATTACTCTTGATGAAGGTCAGCCAGCCTATGCGCCTGGTCTGTACACCGTTCATCTGTCCTCTTTCAAAGTTGGTCAGTTCGGTTCCCTTATGATTGACCGTCTGCGCCTCGTTCCGGCTAAGTAACATGGAGCAGGTCGCGGATTTCGACACAATTTATCAGGCGATGATACAAATCTCCGTTGTACTTTGTTTCGCGCTTGGTATAATCGCTGGGGGTCAAAGATGAGTGTTTTAGTGTATTCTTTTGCCTCTTTCGTTTTAGGTTGGTGCCTTCGTAGTGGCATTACGTATTTTACCCGTTTAATGGAAACTTCCTCATGAAAAAGTCTTTAGTCCTCAAAGCCTCTGTAGCCGTTGCTACCCTCGTTCCGATGCTGTCTTTCGCTGCTGAGGGTGACGATCCCGCAAAAGCGGCCTTTAACTCCCTGCAAGCCTCAGCGACCGAATATATCGGTTATGCGTGGGCGATGGTTGTTGTCATTGTCGGCGCAACTATCGGTATCAAGCTGTTTAAGAAATTCACCTCGAAAGCAAGCTGATAAACCGATACAATTAAAGGCTCCTTTTGGAGCCTTTTTTTTGGAGATTTTCAACGTGAAAAAATTATTATTCGCAATTCCTTTAGTGGTACCTTTCTATTCTCACTCTCATTATCCGCTTAGGTATATTGGTGCGAGTGCTACTGGTGGAGGTTCGGCCGAAACTGTTGAAAGTTGTTTAGCAAAATCCCATACAGAAAATTCATNACTAACGTCNNNNNNNNNNNNNNNN	110317
31		M13_phage	171107-05_M15_M13_3BNC_12_G6_110317_96GIII_M13_rev_Primer.ab1	M13_3BNC_12_G6_110317	VEHHSVFLGQIF	*TXXXXXPXAXXXXKSXLXIXFXVVXKXGL**XCXTXPXNSFWRMYLH**MWYS*ISTDESFYL**CCSVSSFY*RRFFFPTS*LV**ASS*NRIR*FTMIKVEIKPSQAQFTTRSGVSRQGKPYSLNEQLCYVDLGNEYPVLVKITLDEGQPAYAPGLYTVHLSSFKVGQFGSLMIDRLRLVPAK*HGAGRGFRHNLSGDDTNLRCTLFRAWYNRWGSKMSVLVYSFASFVLGWCLRSGITYFTRLMETSS*KSL*SSKPL*PLLPSFRCCLSLLRVTIPQKRPLTPCKPQRPNISVMRGRWLLSLSAQLSVSSCLRNSPRKQADKPIQLKAPFGAFFLEIFNVKKLLFAIPLVVPFYSHSVEHHSVFLGQIFGGGSAETVESCLAKSHTENSXLTSEXXXXX	NNTAAACNNTTTTNNTNNTNNCCCCNNNNGCAAANTNNNTTNGCAAAAGCCNNCTCGNTATTNGTTTTNTCGTCGTNNGTAAANGNGGGTTATGATAGNNNTGCTNTACTATNCCTNGTAATTCCTTTTGGCGTATGTATCTGCATTAGTGAATGTGGTATTCCTAAATCTCAACTGATGAATCTTTCTACCTGTAATAATGTTGTTCCGTTAGTTCGTTTTATTAACGTAGATTTTTCTTCCCAACGTCCTGACTGGTATAATGAGCCAGTTCTTAAAATCGCATAAGGTAATTCACAATGATTAAAGTTGAAATTAAACCATCTCAAGCCCAATTTACTACTCGTTCTGGTGTTTCTCGTCAGGGCAAGCCTTATTCACTGAATGAGCAGCTTTGTTACGTTGATTTGGGTAATGAATATCCGGTTCTTGTCAAGATTACTCTTGATGAAGGTCAGCCAGCCTATGCGCCTGGTCTGTACACCGTTCATCTGTCCTCTTTCAAAGTTGGTCAGTTCGGTTCCCTTATGATTGACCGTCTGCGCCTCGTTCCGGCTAAGTAACATGGAGCAGGTCGCGGATTTCGACACAATTTATCAGGCGATGATACAAATCTCCGTTGTACTTTGTTTCGCGCTTGGTATAATCGCTGGGGGTCAAAGATGAGTGTTTTAGTGTATTCTTTTGCCTCTTTCGTTTTAGGTTGGTGCCTTCGTAGTGGCATTACGTATTTTACCCGTTTAATGGAAACTTCCTCATGAAAAAGTCTTTAGTCCTCAAAGCCTCTGTAGCCGTTGCTACCCTCGTTCCGATGCTGTCTTTCGCTGCTGAGGGTGACGATCCCGCAAAAGCGGCCTTTAACTCCCTGCAAGCCTCAGCGACCGAATATATCGGTTATGCGTGGGCGATGGTTGTTGTCATTGTCGGCGCAACTATCGGTATCAAGCTGTTTAAGAAATTCACCTCGAAAGCAAGCTGATAAACCGATACAATTAAAGGCTCCTTTTGGAGCCTTTTTTTTGGAGATTTTCAACGTGAAAAAATTATTATTCGCAATTCCTTTAGTGGTACCTTTCTATTCTCACTCTGTGGAGCATCATAGTGTTTTTCTTGGTCAGATTTTTGGTGGAGGTTCGGCCGAAACTGTTGAAAGTTGTTTAGCAAAATCCCATACAGAAAATTCATNACTAACGTCNGAAANNNNNNNNNNNNNN	110317
32		M13_phage	171107-05_O13_M13_3BNC_12_E3_110317_96GIII_M13_rev_Primer.ab1	M13_3BNC_12_E3_110317	SHGIWGFDARTL	XXPXXXXLLLAKXXLAILVFIVXXKRGYDXXLXLCLVSXXRYVSALVECGIPKXQLMNLSTCXNXFR*FVL*RRFFFPTS*LV**ASS*NRIR*FTMIKVEIXPSQAQFTTRSGVSRQGKPYSLNEQLCYVDLGNEYPVLVKITLDEGQPAYAPGLYTVHLSSFKVGQFGSLMIDRLRLVPAK*HGAGRGFRHNLSGDDTNLRCTLFRAWYNRWGSKMSVLVYSFASFVLGWCLRSGITYFTRLMETSS*KSL*SSKPL*PLLPSFRCCLSLLRVTIPQKRPLTPCKPQRPNISVMRGRWLLSLSAQLSVSSCLRNSPRKQADKPIQLKAPFGAFFLEIFNVKKLLFAIPLVVPFYSHSSHGIWGFDARTLGGGSAETVESCLAKSHTENSXLTSXXXXX	NNTNTNCCCCNNNNNGGCNNAANCTTCTTTTGGCNAAANNCNNNCTNGCTATTTTGGTTTTTATCGTCNTNNGTAAACGAGGGTATGATAGNNNGCTCNTACTATGCCTCGTATCCNTTNGNCGTTATGTATCTGCATTAGTTGAATGTGGTATTCCTAAATNTCAACTGATGAATCTTTCTACCTGTANTAATNTGTTCCGTTAGTTCGTTTTATAACGTAGATTTTTCTTCCCAACGTCCTGACTGGTATAATGAGCCAGTTCTTAAAATCGCATAAGGTAATTCACAATGATTAAAGTTGAAATTAANCCATCTCAAGCCCAATTTACTACTCGTTCTGGTGTTTCTCGTCAGGGCAAGCCTTATTCACTGAATGAGCAGCTTTGTTACGTTGATTTGGGTAATGAATATCCGGTTCTTGTCAAGATTACTCTTGATGAAGGTCAGCCAGCCTATGCGCCTGGTCTGTACACCGTTCATCTGTCCTCTTTCAAAGTTGGTCAGTTCGGTTCCCTTATGATTGACCGTCTGCGCCTCGTTCCGGCTAAGTAACATGGAGCAGGTCGCGGATTTCGACACAATTTATCAGGCGATGATACAAATCTCCGTTGTACTTTGTTTCGCGCTTGGTATAATCGCTGGGGGTCAAAGATGAGTGTTTTAGTGTATTCTTTTGCCTCTTTCGTTTTAGGTTGGTGCCTTCGTAGTGGCATTACGTATTTTACCCGTTTAATGGAAACTTCCTCATGAAAAAGTCTTTAGTCCTCAAAGCCTCTGTAGCCGTTGCTACCCTCGTTCCGATGCTGTCTTTCGCTGCTGAGGGTGACGATCCCGCAAAAGCGGCCTTTAACTCCCTGCAAGCCTCAGCGACCGAATATATCGGTTATGCGTGGGCGATGGTTGTTGTCATTGTCGGCGCAACTATCGGTATCAAGCTGTTTAAGAAATTCACCTCGAAAGCAAGCTGATAAACCGATACAATTAAAGGCTCCTTTTGGAGCCTTTTTTTTGGAGATTTTCAACGTGAAAAAATTATTATTCGCAATTCCTTTAGTGGTACCTTTCTATTCTCACTCTTCTCATGGGATTTGGGGTTTTGATGCTAGGACTCTGGGTGGAGGTTCGGCCGAAACTGTTGAAAGTTGTTTAGCAAAATCCCATACAGAAAATTCANTACTAACGTCTNANNNNNNNNNNNNNNN	110317
33		plasmid	171107-05_A09_p3BNC117_A4_ec5C_M13R.ab1	p3BNC117_A4_ec5C	NoMatch	XXXXVFRALHQQGP*HMKKLLFAIPLVVPFYSHSADMKTEEGKLVIWINGDKGYNGLAEVGKKFEKDTGIKVTVEHPDKLEEKFPQVAATGDGPDIIFWAHDRFGGYAQSGLLAEITPDKAFQDKLYPFTWDAVRYNGKLIAYPIAVEALSLIYNKDLLPNPPKTWEEIPALDKELKAKGKSALMFNLQEPYFTWPLIAADGGYAFKYENGKYDIKDVGVDNAGAKAGLTFLVDLIKNKHMNADTDYSIAEAAFNKGETAMTINGPWAWSNIDTSKVNYGVTVLPTFKGQPSKPFVGVLSAXLTPPVRTKSWQKSSSKTIC*LMKXWKRLIRQTAGCRSAEVLRGXVGEXSTYCRHXGKRPER*NHAXXPANVXFWXXXXXXRXXXXXPXVXXTXXXXXX	NNNNNNNNNNNNGTTTTCCGAGCACTTCACCAACAAGGACCATAGCATATGAAAAAATTATTATTCGCAATTCCTTTAGTGGTACCTTTCTATTCTCACTCGGCCGATATGAAAACTGAAGAAGGTAAACTGGTAATCTGGATTAACGGCGATAAAGGCTATAACGGTCTCGCTGAAGTCGGTAAGAAATTCGAGAAAGATACCGGAATTAAAGTCACCGTTGAGCATCCGGATAAACTGGAAGAGAAATTCCCACAGGTTGCGGCAACTGGCGATGGCCCTGACATTATCTTCTGGGCACACGACCGCTTTGGTGGCTACGCTCAATCTGGCCTGTTGGCTGAAATCACCCCGGACAAAGCGTTCCAGGACAAGCTGTATCCGTTTACCTGGGATGCCGTACGTTACAACGGCAAGCTGATTGCTTACCCGATCGCTGTTGAAGCGTTATCGCTGATTTATAACAAAGATCTGCTGCCGAACCCGCCAAAAACCTGGGAAGAGATCCCGGCGCTGGATAAAGAACTGAAAGCGAAAGGTAAGAGCGCGCTGATGTTCAACCTGCAAGAACCGTACTTCACCTGGCCGCTGATTGCTGCTGACGGGGGTTATGCGTTCAAGTATGAAAACGGCAAGTACGACATTAAAGACGTGGGCGTGGATAACGCTGGCGCGAAAGCGGGTCTGACCTTCCTGGTTGACCTGATTAAAAACAAACACATGAATGCAGACACCGATTACTCCATCGCAGAAGCTGCCTTTAATAAAGGCGAAACAGCGATGACCATCAACGGCCCGTGGGCATGGTCCAACATCGACACCAGCAAAGTGAATTATGGTGTAACGGTACTGCCGACCTTCAAGGGTCAACCATCCAAACCGTTCGTTGGCGTGCTGAGCGCNNTATTAACGCCGCCAGTCCGAACAAAGAGCTGGCAAAAGAGTTCCTCGAAAACTATCTGCTGACTGATGAAGGNCTGGAAGCGGTTAATAAGACAAACCGCTGGGTGCCGTAGCGCTGAAGTCTTACGAGGAANAGTTGGCGAANGATCCACGTATTGCCGCCACTNNGGNAAACGCCCAGAAAGGTGAAATCATGCCNANNTTCCCGCNAATGTCNNNTTCTGGNNGNCGNGGNGNANNNNNCGNNNGATNNANNNCNNCCCNNNGGTNNNNNNAACNGNNNNNNNNNNNNNNNNNNN	
34		plasmid	171107-05_I09_p3BNC117_A4_ec4D_M13R.ab1	p3BNC117_A4_ec4D	NoMatch	XXXXVFRALXQQGP*HMKKLLFAIPLVVPFYSHSADMKTEEGKLVIWINGDKGYNGLAEVGKKFEKDTGIKVTVEHPDKLEEKFPQVAATGDGPDIIFWAHDRFGGYAQSGLLAEITPDKAFQDKLYPFTWDAVRYNGKLIAYPIAVEALSLIYNKDLLPNPPKTWEEIPALDKELKAKGKSALMFNLQEPYFTWPLIAADGGYAFKYENGKYDIKDVGVDNAGAKAGLTFLVDLIKNKHMNADTDYSIAEAAFNKGETAMTINGPWAWSNIDTSKVNYGVTVLPTFKGQPSKPFVGVLSAGINAASPNKELAKEFLENYLLTDEGLEAVNKDKPLGAVXLXLTRXVGEDPRXPXLWKRPER*NHAEHPADVRXXXXAYCXIXPXAXXDXXXXXXXXXELIS	NNNNNNNNNNNNGTTTTCCGAGCACTTCNCCAACAAGGACCATAGCATATGAAAAAATTATTATTCGCAATTCCTTTAGTGGTACCTTTCTATTCTCACTCGGCCGATATGAAAACTGAAGAAGGTAAACTGGTAATCTGGATTAACGGCGATAAAGGCTATAACGGTCTCGCTGAAGTCGGTAAGAAATTCGAGAAAGATACCGGAATTAAAGTCACCGTTGAGCATCCGGATAAACTGGAAGAGAAATTCCCACAGGTTGCGGCAACTGGCGATGGCCCTGACATTATCTTCTGGGCACACGACCGCTTTGGTGGCTACGCTCAATCTGGCCTGTTGGCTGAAATCACCCCGGACAAAGCGTTCCAGGACAAGCTGTATCCGTTTACCTGGGATGCCGTACGTTACAACGGCAAGCTGATTGCTTACCCGATCGCTGTTGAAGCGTTATCGCTGATTTATAACAAAGATCTGCTGCCGAACCCGCCAAAAACCTGGGAAGAGATCCCGGCGCTGGATAAAGAACTGAAAGCGAAAGGTAAGAGCGCGCTGATGTTCAACCTGCAAGAACCGTACTTCACCTGGCCGCTGATTGCTGCTGACGGGGGTTATGCGTTCAAGTATGAAAACGGCAAGTACGACATTAAAGACGTGGGCGTGGATAACGCTGGCGCGAAAGCGGGTCTGACCTTCCTGGTTGACCTGATTAAAAACAAACACATGAATGCAGACACCGATTACTCCATCGCAGAAGCTGCCTTTAATAAAGGCGAAACAGCGATGACCATCAACGGCCCGTGGGCATGGTCCAACATCGACACCAGCAAAGTGAATTATGGTGTAACGGTACTGCCGACCTTCAAGGGTCAACCATCCAAACCGTTCGTTGGCGTGCTGAGCGCAGGTATTAACGCCGCCAGTCCGAACAAAGAGCTGGCAAAAGAGTTCCTCGAAAACTATCTGCTGACTGATGAAGGTCTGGAAGCGGTTAATAAAGACAAACCGCTGGGTGCCGTANCGCTGANTCTTACGAGGANAGTTGGCGAAGATCCACGTATNCCNCNNCTATGGAAACGCCCAGAAAGGTGAAATCATGCCGAACATCCCGCAGATGTCCGCTTNNNNNTNCNNGCGTACTGCGNGATCANNCCNNCNGCNNCGNCNGACNNNCNANNANCCNNAAANNANNCNNNAGAACTNATTTCNNN	
35		M13_phage	171107-05_K13_M13_3BNC_12_E1_110317_96GIII_M13_rev_Primer.ab1	M13_3BNC_12_E1_110317	SHGIWGFDARTL	XXX*XFXXXPXXQTLCKSLXXXVLXSXXXGXX*XAXLCLVIPLAXCICXVEMWYPKSQLMNLSTVIMLFR*FVL*RRFFFPTS*LV**ASS*NRIR*FTMIKVEIKPSQAQFTTRSGVSRQGKPYSLNEQLCYVDLGNEYPVLVKITLDEGQPAYAPGLYTVHLSSFKVGQFGSLMIDRLRLVPAK*HGAGRGFRHNLSGDDTNLRCTLFRAWYNRWGSKMSVLVYSFASFVLGWCLRSGITYFTRLMETSS*KSL*SSKPL*PLLPSFRCCLSLLRVTIPQKRPLTPCKPQRPNISVMRGRWLLSLSAQLSVSSCLRNSPRKQADKPIQLKAPFGAFFLEIFNVKKLLFAIPLVVPFYSHSSHGIWGFDARTLGGGSAETVESCLAKSHTENSLLTSXXXXX	NTNNNNNNNTAANCNTTTANTNNTNCCCCCNTNNGGCAAACTCTTTGCAAAAGCCTCTNGNTATTNGTTTTATNGTCGNNNTNNNGAGGGNTANGATAGNNTGCTNTACTATGCCTNGTAATTCCTTTGGCGTNATGTATCTGCNTAGTTGAAATGTGGTATCCTAAATCTCAACTGATGAATCTTTCTACNGTAATAATGTTGTTCCGTTAGTTCGTTTTATAACGTAGATTTTTCTTCCCAACGTCCTGACTGGTATAATGAGCCAGTTCTTAAAATCGCATAAGGTAATTCACAATGATTAAAGTTGAAATTAAACCATCTCAAGCCCAATTTACTACTCGTTCTGGTGTTTCTCGTCAGGGCAAGCCTTATTCACTGAATGAGCAGCTTTGTTACGTTGATTTGGGTAATGAATATCCGGTTCTTGTCAAGATTACTCTTGATGAAGGTCAGCCAGCCTATGCGCCTGGTCTGTACACCGTTCATCTGTCCTCTTTCAAAGTTGGTCAGTTCGGTTCCCTTATGATTGACCGTCTGCGCCTCGTTCCGGCTAAGTAACATGGAGCAGGTCGCGGATTTCGACACAATTTATCAGGCGATGATACAAATCTCCGTTGTACTTTGTTTCGCGCTTGGTATAATCGCTGGGGGTCAAAGATGAGTGTTTTAGTGTATTCTTTTGCCTCTTTCGTTTTAGGTTGGTGCCTTCGTAGTGGCATTACGTATTTTACCCGTTTAATGGAAACTTCCTCATGAAAAAGTCTTTAGTCCTCAAAGCCTCTGTAGCCGTTGCTACCCTCGTTCCGATGCTGTCTTTCGCTGCTGAGGGTGACGATCCCGCAAAAGCGGCCTTTAACTCCCTGCAAGCCTCAGCGACCGAATATATCGGTTATGCGTGGGCGATGGTTGTTGTCATTGTCGGCGCAACTATCGGTATCAAGCTGTTTAAGAAATTCACCTCGAAAGCAAGCTGATAAACCGATACAATTAAAGGCTCCTTTTGGAGCCTTTTTTTTGGAGATTTTCAACGTGAAAAAATTATTATTCGCAATTCCTTTAGTGGTACCTTTCTATTCTCACTCTTCTCATGGGATTTGGGGTTTTGATGCTAGGACTCTGGGTGGAGGTTCGGCCGAAACTGTTGAAAGTTGTTTAGCAAAATCCCATACAGAAAATTCATTACTAACGTCNNNNNNNGNNNNNNNN	110317
36		M13_phage	171107-05_A11_M13_3BNC_12_A5_110317_96GIII_M13_rev_Primer.ab1	M13_3BNC_12_A5_110317	VEHHSVFLGQIF	XPPSXKLXCKAXXXXFYXRX*XGYDSXLYYXXXLWRXVSALVNVVS*ISTDESFYX**CVPLVRLLT*IFLPNVXLV**ASS*NRIR*FTMIKVEIKPSQAQFTTRSGVSRQGKPYSLNEQLCYVDLGNEYPVLVKITLDEGQPAYAPGLYTVHLSSFKVGQFGSLMIDRLRLVPAK*HGAGRGFRHNLSGDDTNLRCTLFRAWYNRWGSKMSVLVYSFASFVLGWCLRSGITYFTRLMETSS*KSL*SSKPL*PLLPSFRCCLSLLRVTIPQKRPLTPCKPQRPNISVMRGRWLLSLSAQLSVSSCLRNSPRKQADKPIQLKAPFGAFFLEIFNVKKLLFAIPLVVPFYSHSVEHHSVFLGQIFGGGSAETVESCLAKSHTENSLLTSXXXXX	NTNCCCCCNTCTGNCAAACTTNTTTGCAAAGCNNNTNGCTNNNGNTTTTATNGTCGTCNGTAANGAGGGTATGATAGTNTGCTNTACTATNCTNGNNTNCTTTGGCGTNANGTATCNGCATTAGTGAATGTNGTNTCCTAAATCTCAACTGATGAATCTTTCTACCNGTAATAATGTGTTCCGTTAGTTCGTTTATTAACGTAGATTTTTCTTCCCAACGTNNGACTGGTATAATGAGCCAGTTCTTAAAATCGCATAAGGTAATTCACAATGATTAAAGTTGAAATTAAACCATCTCAAGCCCAATTTACTACTCGTTCTGGTGTTTCTCGTCAGGGCAAGCCTTATTCACTGAATGAGCAGCTTTGTTACGTTGATTTGGGTAATGAATATCCGGTTCTTGTCAAGATTACTCTTGATGAAGGTCAGCCAGCCTATGCGCCTGGTCTGTACACCGTTCATCTGTCCTCTTTCAAAGTTGGTCAGTTCGGTTCCCTTATGATTGACCGTCTGCGCCTCGTTCCGGCTAAGTAACATGGAGCAGGTCGCGGATTTCGACACAATTTATCAGGCGATGATACAAATCTCCGTTGTACTTTGTTTCGCGCTTGGTATAATCGCTGGGGGTCAAAGATGAGTGTTTTAGTGTATTCTTTTGCCTCTTTCGTTTTAGGTTGGTGCCTTCGTAGTGGCATTACGTATTTTACCCGTTTAATGGAAACTTCCTCATGAAAAAGTCTTTAGTCCTCAAAGCCTCTGTAGCCGTTGCTACCCTCGTTCCGATGCTGTCTTTCGCTGCTGAGGGTGACGATCCCGCAAAAGCGGCCTTTAACTCCCTGCAAGCCTCAGCGACCGAATATATCGGTTATGCGTGGGCGATGGTTGTTGTCATTGTCGGCGCAACTATCGGTATCAAGCTGTTTAAGAAATTCACCTCGAAAGCAAGCTGATAAACCGATACAATTAAAGGCTCCTTTTGGAGCCTTTTTTTTGGAGATTTTCAACGTGAAAAAATTATTATTCGCAATTCCTTTAGTGGTACCTTTCTATTCTCACTCTGTGGAGCATCATAGTGTTTTTCTTGGTCAGATTTTTGGTGGAGGTTCGGCCGAAACTGTTGAAAGTTGTTTAGCAAAATCCCATACAGAAAATTCATTACTAACGTCNGANNNNNNNNNNNNNNN	110317
37		M13_phage	171107-05_G13_M13_3BNC_12_D5_110317_96GIII_M13_rev_Primer.ab1	M13_3BNC_12_D5_110317	HYPLRYIGASAT	XXXXXXXXXYPXXXKXLLQXXXXFXFXVVWXXGYDKCXXTMPRXXFWRXXSALXNVYXKSQLMNLSTCXXCCXVSSFY*RRFFFPTS*LV**ASS*NLIR*FTMIKVEIKPSQAQFTTRSGVSRQGKPYSLNEQLCYVDLGNEYPVLVKITLDEGQPAYAPGLYTVHLSSFKVGQFGSLMIDRLRLVPAK*HGAGRGFRHNLSGDDTNLRCTLFRAWYNRWGSKMSVLVYSFASFVLGWCLRSGITYFTRLMETSS*KSL*SSKPL*PLLPSFRCCLSLLRVTIPQKRPLTPCKPQRPNISVMRGRWLLSLSAQLSVSSCLRNSPRKQADKPIQLKAPFGAFFLEIFNVKKLLFAIPLVVPFYSHSHYPLRYIGASATGGGSAETVESCLAKSHTENSXLTSEXXXX	NNNNNCCNGTNNNANNNNTTTNNNTNTTTACCCCNNNNGGNCAAAANTTCTTTTGCAAANCTNCNNGNNNTTTGNTTTTNTNGTCGTCTGGTNNNGAGGNTATGATAAGTGTTNCTNTACTATGCCTCGTANTNCCTTTTGGCGTTANNNNTCTGCATTANTGAATGTGTATTNNAAATCTCAACTGATGAATCTTTCTACCTGTNAATNATGTTGTNCCGTTAGTTCGTTTTATTAACGTAGATTTTTCTTCCCAACGTCCTGACTGGTATAATGAGCCAGTTCTTAAAATCTCATAAGGTAATTCACAATGATTAAAGTTGAAATTAAACCATCTCAAGCCCAATTTACTACTCGTTCTGGTGTTTCTCGTCAGGGCAAGCCTTATTCACTGAATGAGCAGCTTTGTTACGTTGATTTGGGTAATGAATATCCGGTTCTTGTCAAGATTACTCTTGATGAAGGTCAGCCAGCCTATGCGCCTGGTCTGTACACCGTTCATCTGTCCTCTTTCAAAGTTGGTCAGTTCGGTTCCCTTATGATTGACCGTCTGCGCCTCGTTCCGGCTAAGTAACATGGAGCAGGTCGCGGATTTCGACACAATTTATCAGGCGATGATACAAATCTCCGTTGTACTTTGTTTCGCGCTTGGTATAATCGCTGGGGGTCAAAGATGAGTGTTTTAGTGTATTCTTTTGCCTCTTTCGTTTTAGGTTGGTGCCTTCGTAGTGGCATTACGTATTTTACCCGTTTAATGGAAACTTCCTCATGAAAAAGTCTTTAGTCCTCAAAGCCTCTGTAGCCGTTGCTACCCTCGTTCCGATGCTGTCTTTCGCTGCTGAGGGTGACGATCCCGCAAAAGCGGCCTTTAACTCCCTGCAAGCCTCAGCGACCGAATATATCGGTTATGCGTGGGCGATGGTTGTTGTCATTGTCGGCGCAACTATCGGTATCAAGCTGTTTAAGAAATTCACCTCGAAAGCAAGCTGATAAACCGATACAATTAAAGGCTCCTTTTGGAGCCTTTTTTTTGGAGATTTTCAACGTGAAAAAATTATTATTCGCAATTCCTTTAGTGGTACCTTTCTATTCTCACTCTCATTATCCGCTTAGGTATATTGGTGCGAGTGCTACTGGTGGAGGTTCGGCCGAAACTGTTGAAAGTTGTTTAGCAAAATCCCATACAGAAAATTCANTACTAACGTCNGAANNNNNNCNNNNNNN	110317
38		M13_phage	171107-05_M13_M13_3BNC_12_E2_110317_96GIII_M13_rev_Primer.ab1	M13_3BNC_12_E2_110317	EVHFVKWIGATT	XFXXXPXLAKXLXQKXXRYFXFYRRXVXEXYDSVLYYAS*FLLALXICXVNVVFLNLN**IFLPVIMLFR*FVLLT*IFFPTS*LV**ASS*NRIR*FTMIKVEIKPSQAQFTTRSGVSRQGKPYSLNEQLCYVDLGNEYPVLVKITLDEGQPAYAPGLYTVHLSSFKVGQFGSLMIDRLRLVPAK*HGAGRGFRHNLSGDDTNLRCTLFRAWYNRWGSKMSVLVYSFASFVLGWCLRSGITYFTRLMETSS*KSL*SSKPL*PLLPSFRCCLSLLRVTIPQKRPLTPCKPQRPNISVMRGRWLLSLSAQLSVSSCLRNSPRKQADKPIQLKAPFGAFFLEIFNVKKLLFAIPLVVPFYSHSEVHFVKWIGATTGGGSAETVESCLAKSHTENSLLTSEXXXXX	NCNTTTNNCTNTTNCCCCNTNCTGGCAAAANTTCTTTNGCAAAAGCNTNNTCGNTATTTTGNTTTTTATCGTCGTNNGGTAAANGAGGNTTATGATAGTGTGCTNTACTATGCNTCGTAATTCCTTTTGGCGTTANGTATCTGCNTAGTGAATGTGGTATTCCTAAATCTCAACTGATGAATCTTTCTACCTGTAATAATGTTGTTCCGTTAGTTCGTTTTATTAACGTAGATTTTCTTCCCAACGTCCTGACTGGTATAATGAGCCAGTTCTTAAAATCGCATAAGGTAATTCACAATGATTAAAGTTGAAATTAAACCATCTCAAGCCCAATTTACTACTCGTTCTGGTGTTTCTCGTCAGGGCAAGCCTTATTCACTGAATGAGCAGCTTTGTTACGTTGATTTGGGTAATGAATATCCGGTTCTTGTCAAGATTACTCTTGATGAAGGTCAGCCAGCCTATGCGCCTGGTCTGTACACCGTTCATCTGTCCTCTTTCAAAGTTGGTCAGTTCGGTTCCCTTATGATTGACCGTCTGCGCCTCGTTCCGGCTAAGTAACATGGAGCAGGTCGCGGATTTCGACACAATTTATCAGGCGATGATACAAATCTCCGTTGTACTTTGTTTCGCGCTTGGTATAATCGCTGGGGGTCAAAGATGAGTGTTTTAGTGTATTCTTTTGCCTCTTTCGTTTTAGGTTGGTGCCTTCGTAGTGGCATTACGTATTTTACCCGTTTAATGGAAACTTCCTCATGAAAAAGTCTTTAGTCCTCAAAGCCTCTGTAGCCGTTGCTACCCTCGTTCCGATGCTGTCTTTCGCTGCTGAGGGTGACGATCCCGCAAAAGCGGCCTTTAACTCCCTGCAAGCCTCAGCGACCGAATATATCGGTTATGCGTGGGCGATGGTTGTTGTCATTGTCGGCGCAACTATCGGTATCAAGCTGTTTAAGAAATTCACCTCGAAAGCAAGCTGATAAACCGATACAATTAAAGGCTCCTTTTGGAGCCTTTTTTTTGGAGATTTTCAACGTGAAAAAATTATTATTCGCAATTCCTTTAGTGGTACCTTTCTATTCTCACTCTGAGGTTCATTTTGTGAAGTGGATTGGTGCTACTACTGGTGGAGGTTCGGCCGAAACTGTTGAAAGTTGTTTAGCAAAATCCCATACAGAAAATTCATTACTAACGTCTGAANNNNNNNNNNNNNNNN	110317
39		M13_phage	171107-05_K15_M13_3BNC_12_G3_110317_96GIII_M13_rev_Primer.ab1	M13_3BNC_12_G3_110317	HPTFVH*GMATS	XXXFXXXPPXAKLLCKSXLXXXXSSSVXRVXIVCSYYARNXFWRYXSALVECGILNLN**IFLPVIMLFR*FVLLT*IFLPNVLTGIMSQFLKSHKVIHND*S*N*TISSPIYYSFWCFSSGQXYSLNEQLCYVDLGNEYPVLVKITLDEGQPAYAPGLYTVHLSSFKVGQFGSLMIDRLRLVPAK*HGAGRGFRHNLSGDDTNLRCTLFRAWYNRWGSKMSVLVYSFASFVLGWCLRSGITYFTRLMETSS*KSL*SSKPL*PLLPSFRCCLSLLRVTIPQKRPLTPCKPQRPNISVMRGRWLLSLSAQLSVSSCLRNSPRKQADKPIQLKAPFGAFFLEIFNVKKLLFAIPLVVPFYSHSHPTFVH*GMATSGGGSAETVESCLAKSHTENSLLTSXXXXXX	NNNAANNNTTTTANNNNTTNCCCCCCTNTGGCAAAACTTCTTTGCAAAAGCNNCCTCNNTATNNNTTTNTCGTCGTCTGTNNNGAGGGTTANGATAGTGTGCTCTTACTATGCTCGTAATNNCTTTTGGCGTTATGNATCTGCATTAGTTGAATGTGGTATCCTAAATCTCAACTGATGAATCTTTCTACCTGTAATAATGTTGTTCCGTTAGTTCGTTTTATTAACGTAGATTTTTCTTCCCAACGTCCTGACTGGTATAATGAGCCAGTTCTTAAAATCGCATAAGGTAATTCACAATGATTAAAGTTGAAATTAAACCATCTCAAGCCCAATTTACTACTCGTTCTGGTGTTTCTCGTCAGGGCAAGNTTATTCACTGAATGAGCAGCTTTGTTACGTTGATTTGGGTAATGAATATCCGGTTCTTGTCAAGATTACTCTTGATGAAGGTCAGCCAGCCTATGCGCCTGGTCTGTACACCGTTCATCTGTCCTCTTTCAAAGTTGGTCAGTTCGGTTCCCTTATGATTGACCGTCTGCGCCTCGTTCCGGCTAAGTAACATGGAGCAGGTCGCGGATTTCGACACAATTTATCAGGCGATGATACAAATCTCCGTTGTACTTTGTTTCGCGCTTGGTATAATCGCTGGGGGTCAAAGATGAGTGTTTTAGTGTATTCTTTTGCCTCTTTCGTTTTAGGTTGGTGCCTTCGTAGTGGCATTACGTATTTTACCCGTTTAATGGAAACTTCCTCATGAAAAAGTCTTTAGTCCTCAAAGCCTCTGTAGCCGTTGCTACCCTCGTTCCGATGCTGTCTTTCGCTGCTGAGGGTGACGATCCCGCAAAAGCGGCCTTTAACTCCCTGCAAGCCTCAGCGACCGAATATATCGGTTATGCGTGGGCGATGGTTGTTGTCATTGTCGGCGCAACTATCGGTATCAAGCTGTTTAAGAAATTCACCTCGAAAGCAAGCTGATAAACCGATACAATTAAAGGCTCCTTTTGGAGCCTTTTTTTTGGAGATTTTCAACGTGAAAAAATTATTATTCGCAATTCCTTTAGTGGTACCTTTCTATTCTCACTCTCATCCGACTTTTGTTCATTAGGGTATGGCTACTTCTGGTGGAGGTTCGGCCGAAACTGTTGAAAGTTGTTTAGCAAAATCCCATACAGAAAATTCATTACTAACGTCNNNNNNNNGNCNNNNNNNN	110317
40		plasmid	171107-05_K07_p3BNC117_A4_ec2C_M13R.ab1	p3BNC117_A4_ec2C	NoMatch	XXXXXVFRALXQQGP*HMKKLLFAIPLVVPFYSHSADMKTEEGKLVIWINGDKGYNGLAEVGKKFEKDTGIKVTVEHPDKLEEKFPQVAATGDGPDIIFWAHDRFGGYAQSGLLAEITPDKAFQDKLYPFTWDAVRYNGKLIAYPIAVEALSLIYNKDLLPNPPKTWEEIPALDKELKAKGKSALMFNLQEPYFTWPLIAADGGYAFKYENGKYDIKDVGVDNAGAKAGLTFLVDLIKNKHMNADTDYSIAEAAFNKGETAMTINGPWAWSNIDTSKVNYGVTVLPTFKGQPSKPFVGVLSAXLTPPVRTKSWQKSSSKTIC*LMKVWKRLIKTNRWVP*R*SLTRXVGERSTYCRTMETPRKXKSCXIPQMXXFXXAXRTGG*STXPXXXXXXSX	NNNNNNNNNTNTNNNGTTTTCCGAGCACTTCNCCAACAAGGACCATAGCATATGAAAAAATTATTATTCGCAATTCCTTTAGTGGTACCTTTCTATTCTCACTCGGCCGATATGAAAACTGAAGAAGGTAAACTGGTAATCTGGATTAACGGCGATAAAGGCTATAACGGTCTCGCTGAAGTCGGTAAGAAATTCGAGAAAGATACCGGAATTAAAGTCACCGTTGAGCATCCGGATAAACTGGAAGAGAAATTCCCACAGGTTGCGGCAACTGGCGATGGCCCTGACATTATCTTCTGGGCACACGACCGCTTTGGTGGCTACGCTCAATCTGGCCTGTTGGCTGAAATCACCCCGGACAAAGCGTTCCAGGACAAGCTGTATCCGTTTACCTGGGATGCCGTACGTTACAACGGCAAGCTGATTGCTTACCCGATCGCTGTTGAAGCGTTATCGCTGATTTATAACAAAGATCTGCTGCCGAACCCGCCAAAAACCTGGGAAGAGATCCCGGCGCTGGATAAAGAACTGAAAGCGAAAGGTAAGAGCGCGCTGATGTTCAACCTGCAAGAACCGTACTTCACCTGGCCGCTGATTGCTGCTGACGGGGGTTATGCGTTCAAGTATGAAAACGGCAAGTACGACATTAAAGACGTGGGCGTGGATAACGCTGGCGCGAAAGCGGGTCTGACCTTCCTGGTTGACCTGATTAAAAACAAACACATGAATGCAGACACCGATTACTCCATCGCAGAAGCTGCCTTTAATAAAGGCGAAACAGCGATGACCATCAACGGCCCGTGGGCATGGTCCAACATCGACACCAGCAAAGTGAATTATGGTGTAACGGTACTGCCGACCTTCAAGGGTCAACCATCCAAACCGTTCGTTGGCGTGCTGAGCGCNNTATTAACGCCGCCAGTCCGAACAAAGAGCTGGCAAAAGAGTTCCTCGAAAACTATCTGCTGACTGATGAAGGTCTGGAAGCGGTTAATAAAGACAAACCGCTGGGTGCCGTAGCGCTGAAGTCTTACGAGGANAGTTGGCGAAAGATCCACGTATTGCCGCACTATGGAAACGCCCAGAAAGNTGAAATCATGCGANATCCCGCAGATGNNCNNNTTCTNNNATGCNNNNCGTACNGGCGGNTGATCAACNNNNCCNNNCNGNCNNCNNNACTGNTCNANN	
41		M13_phage	171107-05_C13_M13_3BNC_12_D1_110317_96GIII_M13_rev_Primer.ab1	M13_3BNC_12_D1_110317	NoMatch	HVSRIXEE*KGVHGKKXXXXSTARTESXVADCVVSPAEXAV*FXFG*PREYIDYMWAMDLVILGAPIGIKNXGNSL*KQADXPMILKAPYGAFFLVIFFQKKLLFAIPLVVPXYFHSSQHWISYTGAYAGGGSAETVESCLAKSHTENSLLTSEXXXXX	TCACGTTAGCCGTATAANNGAGGAATAAAAAGGGGTGCATGGGAAGAAGNNANGGAGNNAAAGCACCGCCCGCACAGAATCTNCTGTAGCAGATTGCGTTGTGTCTCCTGCTGAATANGCCGTATGATTTNCGTTCGGGTAACCGAGAGAGTATATCGATTATATGTGGGCGATGGACCTTGTCATTTTGGGCGCCCCTATCGGTATCAAGAATNTGGGNAATTCACTTTGAAAGCAAGCTGATNAGCCGATGATACTAAAGGCTCCTTATGGAGCCTTTTTTTTGGTGATTTTCTTCCAGAAAAAATTATTATTCGCAATTCCTTTAGTGGTACCTTTNTATTTTCACTCTAGTCAGCATTGGATTTCTTATACGGGGGCTTATGCTGGTGGAGGTTCGGCCGAAACTGTTGAAAGTTGTTTAGCAAAATCCCATACAGAAAATTCATTACTAACGTCNGAAANNNNNNNNNNNNNN	110317
42		plasmid	171114-16_E19_p3BNC117_A4_ec2_M13R.ab1	p3BNC117_A4_ec2	NoMatch	XXXXXXGVFRALXQQGP*HMKKLLFAIPLVVPFYSHSADMKTEEGKLVIWINGDKGYNGLAEVGKKFEKDTGIKVTVEHPDKLEEKFPQVAATGDGPDIIFWAHDRFGGYAQSGLLAEITPDKAFQDKLYPFTWDAVRYNGKLIAYPIAVEALSLIYNKDLLPNPPKTWEEIPALDKELKAKGKSALMFNLQEPYFTWPLIAADGGYAFKYENGKYDIKDVGVDNAGAKAGLTFLVDLIKNKHMNADTDYSIAEAAFNKGETAMTINGPWAWSNIDTXXXELWCNGTADLXGSTIQTVRWRAERRY*RRQSEQRAGKEFXENYLLTDEGLEAVNKDXXWVRSAEVLRGXXXRXSTYXXXLXXXPXR*XMPXXXXXSLXGXAXAYXXXXXXSXVXXXXXXXXXXXXXXXXXXNXXXXXXXXXXXX	NNNNNNNNNNCNGNNNTNGGTGTTTTCCGAGCACTTCNCCAACAAGGACCATAGCATATGAAAAAATTATTATTCGCAATTCCTTTAGTGGTACCTTTCTATTCTCACTCGGCCGATATGAAAACTGAAGAAGGTAAACTGGTAATCTGGATTAACGGCGATAAAGGCTATAACGGTCTCGCTGAAGTCGGTAAGAAATTCGAGAAAGATACCGGAATTAAAGTCACCGTTGAGCATCCGGATAAACTGGAAGAGAAATTCCCACAGGTTGCGGCAACTGGCGATGGCCCTGACATTATCTTCTGGGCACACGACCGCTTTGGTGGCTACGCTCAATCTGGCCTGTTGGCTGAAATCACCCCGGACAAAGCGTTCCAGGACAAGCTGTATCCGTTTACCTGGGATGCCGTACGTTACAACGGCAAGCTGATTGCTTACCCGATCGCTGTTGAAGCGTTATCGCTGATTTATAACAAAGATCTGCTGCCGAACCCGCCAAAAACCTGGGAAGAGATCCCGGCGCTGGATAAAGAACTGAAAGCGAAAGGTAAGAGCGCGCTGATGTTCAACCTGCAAGAACCGTACTTCACCTGGCCGCTGATTGCTGCTGACGGGGGTTATGCGTTCAAGTATGAAAACGGCAAGTACGACATTAAAGACGTGGGCGTGGATAACGCTGGCGCGAAAGCGGGTCTGACCTTCCTGGTTGACCTGATTAAAAACAAACACATGAATGCAGACACCGATTACTCCATCGCAGAAGCTGCCTTTAATAAAGGCGAAACAGCGATGACCATCAACGGCCCGTGGGCATGGTCCAACATCGACACCNAGCNAANTGAATTATGGTGTAACGGTACTGCCGACCTTCNAGGGTCAACCATCCAAACCGTTCGTTGGCGTGCTGAGCGCAGGTATTAACGCCGCCAGTCCGAACAAAGAGCTGGCAAAGAGTTCNTCGAAAACTATCTGCTGACTGATGAAGGTCTGGAAGCGGTTAATAAAGACANNNGCTGGGTGCGTAGCGCTGAAGTCTTACGAGGNANAANTNGGCGAANNTCCACGTATTGNNNCNCNCTANNNNANNCTCCANAAAGGTGANNNATGCCNANCNTCCNNNNANGNTCGCTTTNNGGGNNTGCCGNGGCGTACNNGNGNNATNANNNCNNCAGCNNNGTCNAACNNTNCNATNANNNNNANNAACNCNNNNNNNNNNNNNNNNNNNNNNCNANCAATNANNNNANNNNNNCNNTCNNNNANNNNNNNNNNNNNNT	
43		plasmid	171114-16_C19_p3BNC117_A4_ec1_M13R.ab1	p3BNC117_A4_ec1	NoMatch	XXXXXGVFRALXQQGP*HMKKLLFAIPLVVPFYSHSADMKTEEGKLVIWINGDKGYNGLAEVGKKFEKDTGIKVTVEHPDKLEEKFPQVAATGDGPDIIFWAHDRFGGYAQSGLLAEITPDKAFQDKLYPFTWDAVRYNGKLIAYPIAVEALSLIYNKDLLPNPPKTWEEIPALDKELKAKGKSALMFNLQEPYFTWPLIAADGGYAFKYENGKYDIKDVGVDNAGAKAGLTFLVDLIKNKHMNADTDYSIAEAAFNKGETAMTINGPWAWSNIDTSKVNYGVTVLPTFKGQPSKPFVGVLSAGINAASPNKELAKEFLENYLLTDEGLXAVNKDKXLGAVALSXTXXLAXIHVXXXIGKXXXXXMXXSAXXAXWXXXYXGDXXXXXXTXRXXXXXXLXXXXXXXXXXXXXX	NNNNNNNNNNNNTNNAGGTGTTTTCCGAGCACTTCNCCAACAAGGACCATAGCATATGAAAAAATTATTATTCGCAATTCCTTTAGTGGTACCTTTCTATTCTCACTCGGCCGATATGAAAACTGAAGAAGGTAAACTGGTAATCTGGATTAACGGCGATAAAGGCTATAACGGTCTCGCTGAAGTCGGTAAGAAATTCGAGAAAGATACCGGAATTAAAGTCACCGTTGAGCATCCGGATAAACTGGAAGAGAAATTCCCACAGGTTGCGGCAACTGGCGATGGCCCTGACATTATCTTCTGGGCACACGACCGCTTTGGTGGCTACGCTCAATCTGGCCTGTTGGCTGAAATCACCCCGGACAAAGCGTTCCAGGACAAGCTGTATCCGTTTACCTGGGATGCCGTACGTTACAACGGCAAGCTGATTGCTTACCCGATCGCTGTTGAAGCGTTATCGCTGATTTATAACAAAGATCTGCTGCCGAACCCGCCAAAAACCTGGGAAGAGATCCCGGCGCTGGATAAAGAACTGAAAGCGAAAGGTAAGAGCGCGCTGATGTTCAACCTGCAAGAACCGTACTTCACCTGGCCGCTGATTGCTGCTGACGGGGGTTATGCGTTCAAGTATGAAAACGGCAAGTACGACATTAAAGACGTGGGCGTGGATAACGCTGGCGCGAAAGCGGGTCTGACCTTCCTGGTTGACCTGATTAAAAACAAACACATGAATGCAGACACCGATTACTCCATCGCAGAAGCTGCCTTTAATAAAGGCGAAACAGCGATGACCATCAACGGCCCGTGGGCATGGTCCAACATCGACACCAGCAAAGTGAATTATGGTGTAACGGTACTGCCGACCTTCAAGGGTCAACCATCCAAACCGTTCGTTGGCGTGCTGAGCGCAGGTATTAACGCCGCCAGTCCGAACAAAGAGCTGGCAAAAGAGTTCCTCGAAAACTATCTGCTGACTGATGAAGGTCTGGNAGCGGTTAATAAAGACAAANCGCTGGGNGCCGTAGCGCTGAGTCNTACGANNNAGTTGGCGAANATCCACGTATTNNNNNCTATTGGAAAACNCCNNAANNGAANCATGNCGANNTCCGCANATNNCGCTTNNTGGNNNCNNGNNTACNGNGGNGATCANNCNNNNGNNNNNNCNACTGNNCGANNANNNNNNNNNNNNNNNCTANNNNNNNNNANACNNNACNNNNNNCNNNNNNNNNNANNNNNNN	
44		plasmid	171114-16_M19_p3BNC117_A4_ec6_M13R.ab1	p3BNC117_A4_ec6	NoMatch	XXXXXFSRALHQQGP*HMKKLLFAIPLVVPFYSHSADMKTEEGKLVIWINGDKGYNGLAEVGKKFEKDTGIKVTVEHPDKLEEKFPQVAATGDGPDIIFWAHDRFGGYAQSGLLAEITPDKAFQDKLYPFTWDAVRYNGKLIAYPIAVEALSLIYNKDLLPNPPKTWEEIPALDKELKAKGKSALMFNLQEPYFTWPLIAADGGYAFKYENGKYDIKDVGVDNAGAKAGLTFLVDLIKNKHMNADTDYSIAEAAFNKGETAMTINGPWAWSNIDTSKVNYGVTVLPTFKGQPSKPFVGVLSAGINAASPNKELAKSSSKLSAD**RXGSG**RXPLGAVALKSYEXSWXXIHVLPPLXXRPEXEXXXXPXXXRFLXXXVXXDXXXXXXXXXXXXXXXIXXXXXXXXXGXXGXXXKXX	NNNNNNNNNNNNNNNNGTTTTCNCGAGCACTTCACCAACAAGGACCATAGCATATGAAAAAATTATTATTCGCAATTCCTTTAGTGGTACCTTTCTATTCTCACTCGGCCGATATGAAAACTGAAGAAGGTAAACTGGTAATCTGGATTAACGGCGATAAAGGCTATAACGGTCTCGCTGAAGTCGGTAAGAAATTCGAGAAAGATACCGGAATTAAAGTCACCGTTGAGCATCCGGATAAACTGGAAGAGAAATTCCCACAGGTTGCGGCAACTGGCGATGGCCCTGACATTATCTTCTGGGCACACGACCGCTTTGGTGGCTACGCTCAATCTGGCCTGTTGGCTGAAATCACCCCGGACAAAGCGTTCCAGGACAAGCTGTATCCGTTTACCTGGGATGCCGTACGTTACAACGGCAAGCTGATTGCTTACCCGATCGCTGTTGAAGCGTTATCGCTGATTTATAACAAAGATCTGCTGCCGAACCCGCCAAAAACCTGGGAAGAGATCCCGGCGCTGGATAAAGAACTGAAAGCGAAAGGTAAGAGCGCGCTGATGTTCAACCTGCAAGAACCGTACTTCACCTGGCCGCTGATTGCTGCTGACGGGGGTTATGCGTTCAAGTATGAAAACGGCAAGTACGACATTAAAGACGTGGGCGTGGATAACGCTGGCGCGAAAGCGGGTCTGACCTTCCTGGTTGACCTGATTAAAAACAAACACATGAATGCAGACACCGATTACTCCATCGCAGAAGCTGCCTTTAATAAAGGCGAAACAGCGATGACCATCAACGGCCCGTGGGCATGGTCCAACATCGACACCAGCAAAGTGAATTATGGTGTAACGGTACTGCCGACCTTCAAGGGTCAACCATCCAAACCGTTCGTTGGCGTGCTGAGCGCAGGTATTAACGCCGCCAGTCCGAACAAAGAGCTGGCAAAGAGTTCCTCGAAACTATCTGCTGACTGATGAAGGNCTGGAAGCGGTTAATAAAGANAACCGCTGGGNGCCGTAGCGCTGAAGTCTTACGAGGANAGTTGGNGAANGATCCACGTATTGCCGCCACTANGGANNCGCCCAGAANGNGAANTCATNCNANNTCCCGNNNANNNNCGCTTTCTNNNTGNNNGNGTACNGNNNGATNANNCCNNNGNNGNNNNNNACTNNNNNNNANNNNNNNNNNNNNNTATTNNNNNNNNNCNNNNNNNNNCNNCCNNNGGNNNNNNGGGNNNNNATTNNAAAATNNNNN	
45		plasmid	171114-16_I19_p3BNC117_A4_ec4_M13R.ab1	p3BNC117_A4_ec4	NoMatch	XXFXXXVXRALHQQGP*HMKKLLFAIPLVVPFYSHSADMKTEEGKLVIWINGDKGYNGLAEVGKKFEKDTGIKVTVEHPDKLEEKFPQVAATGDGPDIIFWAHDRFGGYAQSGLLAEITPDKAFQDKLYPFTWDAVRYNGKLIAYPIAVEALSLIYNKDLLPNPPKTWEEIPALDKELKAKGKSALMFNLQEPYFTWPLIAADGGYAFKYENGKYDIKDVGVDNAGAKAGLTFLVDLIKYKHMNADTDYSIAEAAFNKGETAMTINGPWAWSNIDTSKVNYGVTVLPTFKGQPSKPFVGVLSAGINAASPNKELAKSSSKTIC*LMKVWKRXIKTNRWXP*R*XLRGXXAKDPRIAXTXGNAQXR*IXXTSRXCPLSGXXXVXAGDXXXXXXXXTXXXXXXXXLXXXXXXXXXXXXXGX	TNNNNNNNTTCNNNTNNNGTGTTTNCCGAGCACTTCACCAACAAGGACCATAGCATATGAAAAAATTATTATTCGCAATTCCTTTAGTGGTACCTTTCTATTCTCACTCGGCCGATATGAAAACTGAAGAAGGTAAACTGGTAATCTGGATTAACGGCGATAAAGGCTATAACGGTCTCGCTGAAGTCGGTAAGAAATTCGAGAAAGATACCGGAATTAAAGTCACCGTTGAGCATCCGGATAAACTGGAAGAGAAATTCCCACAGGTTGCGGCAACTGGCGATGGCCCTGACATTATCTTCTGGGCACACGACCGCTTTGGTGGCTACGCTCAATCTGGCCTGTTGGCTGAAATCACCCCGGACAAAGCGTTCCAGGACAAGCTGTATCCGTTTACCTGGGATGCCGTACGTTACAACGGCAAGCTGATTGCTTACCCGATCGCTGTTGAAGCGTTATCGCTGATTTATAACAAAGATCTGCTGCCGAACCCGCCAAAAACCTGGGAAGAGATCCCGGCGCTGGATAAAGAACTGAAAGCGAAAGGTAAGAGCGCGCTGATGTTCAACCTGCAAGAACCGTACTTCACCTGGCCGCTGATTGCTGCTGACGGGGGTTATGCGTTCAAGTATGAAAACGGCAAGTACGACATTAAAGACGTGGGCGTGGATAACGCTGGCGCGAAAGCGGGTCTGACCTTCCTGGTTGACCTGATTAAATACAAACACATGAATGCAGACACCGATTACTCCATCGCAGAAGCTGCCTTTAATAAAGGCGAAACAGCGATGACCATCAACGGCCCGTGGGCATGGTCCAACATCGACACCAGCAAAGTGAATTATGGTGTAACGGTACTGCCGACCTTCAAGGGTCAACCATCCAAACCGTTCGTTGGCGTGCTGAGCGCAGGTATTAACGCCGCCAGTCCGAACAAAGAGCTGGCAAAGAGTTCCTCGAAAACTATCTGCTGACTGATGAAGGTCTGGAAGCGGTTNATAAAGACNAACCGCTGGGNGCCGTAGCGCTGANNCTTACGAGGAANANTNGCGAAAGATCCNCGTATTGCCNCCACTANNGGAAACGCCCAGNAAAGGTGAATCATNCNAACATCCCGCANATGTCCGCTTTCTGGNNTNNNNNNNGTACNGGCGGGTGATNANGNCNNCCNNNNNNNCGNNNNAACNNNCNANNNNNNNNNNNANNNNNNNCTNNNNNANNNNNANANNNCNNNNNNNNNNNNNNNNNNNTNNGGGNANNN	
46		plasmid	171114-16_K19_p3BNC117_A4_ec5_M13R.ab1	p3BNC117_A4_ec5	NoMatch	XXXXXVFRALHQQGP*HMKKLLFAIPLVVPFYSHSADMKTEEGKLVIWINGDKGYNGLAEVGKKFEKDTGIKVTVEHPDKLEEKFPQVAATGDGPDIIFWAHDRFGGYAQSGLLAEITPDKAFQDKLYPFTWDAVRYNGKLIAYPIAVEALSLIYNKDLLPNPPKTWEEIPALDKELKAKGKSALMFNLQEPYFTWPLIAADGGYAFKYENGKYDIKDVGVDNAGAKAGLTFLVDLIKNKHMNADTDYSIAEAAFNKGETAMTINGPWAWSNIDTSKVNYGVTVLPTFKGQPSKPFVGVLSAGINAASPNKELAKEFLENYLLTDEGLEAG**RXTAGXRSAEVLRGXXGERSTYCRHYGKRQKXEIMPNIPQMSXFWXAVXTXXXXXXXXXRXVDXXXXTXXXXXXHXXXXXXXXRXXXXX	NNNNNNNNNNNNTNNNNGTTTTCCGAGCACTTCACCAACAAGGACCATAGCATATGAAAAAATTATTATTCGCAATTCCTTTAGTGGTACCTTTCTATTCTCACTCGGCCGATATGAAAACTGAAGAAGGTAAACTGGTAATCTGGATTAACGGCGATAAAGGCTATAACGGTCTCGCTGAAGTCGGTAAGAAATTCGAGAAAGATACCGGAATTAAAGTCACCGTTGAGCATCCGGATAAACTGGAAGAGAAATTCCCACAGGTTGCGGCAACTGGCGATGGCCCTGACATTATCTTCTGGGCACACGACCGCTTTGGTGGCTACGCTCAATCTGGCCTGTTGGCTGAAATCACCCCGGACAAAGCGTTCCAGGACAAGCTGTATCCGTTTACCTGGGATGCCGTACGTTACAACGGCAAGCTGATTGCTTACCCGATCGCTGTTGAAGCGTTATCGCTGATTTATAACAAAGATCTGCTGCCGAACCCGCCAAAAACCTGGGAAGAGATCCCGGCGCTGGATAAAGAACTGAAAGCGAAAGGTAAGAGCGCGCTGATGTTCAACCTGCAAGAACCGTACTTCACCTGGCCGCTGATTGCTGCTGACGGGGGTTATGCGTTCAAGTATGAAAACGGCAAGTACGACATTAAAGACGTGGGCGTGGATAACGCTGGCGCGAAAGCGGGTCTGACCTTCCTGGTTGACCTGATTAAAAACAAACACATGAATGCAGACACCGATTACTCCATCGCAGAAGCTGCCTTTAATAAAGGCGAAACAGCGATGACCATCAACGGCCCGTGGGCATGGTCCAACATCGACACCAGCAAAGTGAATTATGGTGTAACGGTACTGCCGACCTTCAAGGGTCAACCATCCAAACCGTTCGTTGGCGTGCTGAGCGCAGGTATTAACGCCGCCAGTCCGAACAAAGAGCTGGCAAAAGAGTTCCTCGAAAACTATCTGCTGACTGATGAAGGTCTGGAAGCGGGTTAATAAAGACNAACCGCTGGGNGCCGTAGCGCTGAAGTCTTACGAGGANNANTTGGCGAAAGATCCACGTATTGCCGCCACTATGGAAAACGCCAGAAANGTGAAATCATGCCGAACATCCCNCAGATGTCCNCTTTCTGGNATGCCGTGNNNACNGNGNGATNANNCCNNCNGNGGNNCNNTCGAANNGTCGATNANNCCNNAANNACNNNNNNCTNNNNNNNNNNACACANCNCANNNNNNNNCNNNNNCNNNCGGGNNNNNANNNNNNNN	
47		plasmid	171114-16_G19_p3BNC117_A4_ec3_M13R.ab1	p3BNC117_A4_ec3	NoMatch	XXXXXGVFRALHQQGP*HMKKLLFAIPLVVPFYSHSADMKTEEGKLVIWINGDKGYNGLAEVGKKFEKDTGIKVTVEHPDKLEEKFPQVAATGDGPDIIFWAHDRFGGYAQSGLLAEITPDKAFQDKLYPFTWDAVRYNGKLIAYPIAVEALSLIYNKDLLPNPPKTWEEIPALDKELKAKGKSALMFNLQEPYFTWPLIAADGGYAFKYENGKYDIKDVGVDNAGAKAGLTFLVDLIKNKHMNADTDYSIAEAAFNKGETAMTINGPWAWSNIDTSKVNYGVTVLPTFKGQPSKPFVGVLSAGINAASPNKELAKEFLETIC*LMKVWKRLIKTTAGXRXAEVLRGRVGEXSTYCXHYGNAQXXKSCRTSXRCPLSGMPXVXRDXXXXGXXTVXXXXXXXXXXXXXXXXIPXPXXXEGX	NNNNNNNNNNGTNTAGGTGTTTTCCGAGCACTTCACCAACAAGGACCATAGCATATGAAAAAATTATTATTCGCAATTCCTTTAGTGGTACCTTTCTATTCTCACTCGGCCGATATGAAAACTGAAGAAGGTAAACTGGTAATCTGGATTAACGGCGATAAAGGCTATAACGGTCTCGCTGAAGTCGGTAAGAAATTCGAGAAAGATACCGGAATTAAAGTCACCGTTGAGCATCCGGATAAACTGGAAGAGAAATTCCCACAGGTTGCGGCAACTGGCGATGGCCCTGACATTATCTTCTGGGCACACGACCGCTTTGGTGGCTACGCTCAATCTGGCCTGTTGGCTGAAATCACCCCGGACAAAGCGTTCCAGGACAAGCTGTATCCGTTTACCTGGGATGCCGTACGTTACAACGGCAAGCTGATTGCTTACCCGATCGCTGTTGAAGCGTTATCGCTGATTTATAACAAAGATCTGCTGCCGAACCCGCCAAAAACCTGGGAAGAGATCCCGGCGCTGGATAAAGAACTGAAAGCGAAAGGTAAGAGCGCGCTGATGTTCAACCTGCAAGAACCGTACTTCACCTGGCCGCTGATTGCTGCTGACGGGGGTTATGCGTTCAAGTATGAAAACGGCAAGTACGACATTAAAGACGTGGGCGTGGATAACGCTGGCGCGAAAGCGGGTCTGACCTTCCTGGTTGACCTGATTAAAAACAAACACATGAATGCAGACACCGATTACTCCATCGCAGAAGCTGCCTTTAATAAAGGCGAAACAGCGATGACCATCAACGGCCCGTGGGCATGGTCCAACATCGACACCAGCAAAGTGAATTATGGTGTAACGGTACTGCCGACCTTCAAGGGTCAACCATCCAAACCGTTCGTTGGCGTGCTGAGCGCAGGTATTAACGCCGCCAGTCCGAACAAAGAGCTGGCAAAAGAGTTCCTCGAAACTATCTGCTGACTGATGAAGGTCTGGAAGCGGTTAATAAAGACAACCGCTGGGNGCCGTANCGCTGAAGTCTTACGAGGAAGAGTTGGCGAAANATCCACGTATTGCNGCCACTATGGAAACGCCCAGAANGNGAAATCATGCCGAACATCCNNCAGATGTCCGCTTTCTGGNATGCCNNGNGTACNGCGNGATNNNNNNNCCNGNGGNCNNNNNACNGTCNANNANNNNNNNNANNNNNACTNNNNNNNNNNANANNNNNNCANTANNATACCNCNACCNNNNNNNNNNGAGGGNAANNG	
48		plasmid	171127-19_K24_p3BNC117_A4_111717_ec4_M13R.ab1	p3BNC117_A4_111717_ec4	EVHFVKWIGATT	XXXXXVFRALHQQGP*HMKKLLFAIPLVVPFYSHSEVHFVKWIGATTGGGSADMKTEEGKLVIWINGDKGYNGLAEVGKKFEKDTGIKVTVEHPDKLEEKFPQVAATGDGPDIIFWAHDRFGGYAQSGLLAEITPDKAFQDKLYPFTWDAVRYNGKLIAYPIAVEALSLIYNKDLLPNPPKTWEEIPALDKELKAKGKSALMFNLQEPYFTWPLIAADGGYAFKYENGKYDIKDVGVDNAGAKAGLTFLVDLIKNKHMNADTDYSIAEAAFNKGETAMTINGPWAWSNIDTNKXNYGVTGTADLQXXPSKRSVXRAERRYHRXXSHHRAGXXVSSKLSADXXXLAXXXXXXXXXXXX	NNNNNNNNNNNTNNNGTTTTCCGAGCACTTCACCAACAAGGACCATAGCATATGAAAAAATTATTATTCGCAATTCCTTTAGTGGTACCTTTCTATTCTCACTCTGAGGTTCATTTTGTGAAGTGGATTGGTGCTACTACTGGTGGAGGTTCGGCCGATATGAAAACTGAAGAAGGTAAACTGGTAATCTGGATTAACGGCGATAAAGGCTATAACGGTCTCGCTGAAGTCGGTAAGAAATTCGAGAAAGATACCGGAATTAAAGTCACCGTTGAGCATCCGGATAAACTGGAAGAGAAATTCCCACAGGTTGCGGCAACTGGCGATGGCCCTGACATTATCTTCTGGGCACACGACCGCTTTGGTGGCTACGCTCAATCTGGCCTGTTGGCTGAAATCACCCCGGACAAAGCGTTCCAGGACAAGCTGTATCCGTTTACCTGGGATGCCGTACGTTACAACGGCAAGCTGATTGCTTACCCGATCGCTGTTGAAGCGTTATCGCTGATTTATAACAAAGATCTGCTGCCGAACCCGCCAAAAACCTGGGAAGAGATCCCGGCGCTGGATAAAGAACTGAAAGCGAAAGGTAAGAGCGCGCTGATGTTCAACCTGCAAGAACCGTACTTCACCTGGCCGCTGATTGCTGCTGACGGGGGTTATGCGTTCAAGTATGAAAACGGCAAGTACGACATTAAAGACGTGGGCGTGGATAACGCTGGCGCGAAAGCGGGTCTGACCTTCCTGGTTGACCTGATTAAAAACAAACACATGAATGCAGACACCGATTACTCCATCGCAGAAGCTGCCTTTAATAAAGGCGAAACAGCGATGACCATCAACGGCCCGTGGGCNTGGTCCAACATCGACACCAACAAATNGAATTATGGTGTAACNGGNACTGCCGACCTTCAGGNTCANCCATCCAAACGGTCCGTTNGNCGTGCTGAGCGCAGGTATCACCGANNNCANTCTCATCATAGAGCTGGNANAANNGTATCCTCTAAACTNTCTGCTGACNTANNANGTCTGGCANCGGNNANANAANATNATCNNNNNNNTCANNACNNCTN	
49		plasmid	171127-19_O24_p3BNC117_A4_111717_ec6_M13R.ab1	p3BNC117_A4_111717_ec6	EVHFVKWIGATT	XXXXVFSRALHQQGP*HMKKLLFAIPLVVPFYSHSEVHFVKWIGATTGGGSADMKTEEGKLVIWINGDKGYNGLAEVGKKFEKDTGIKVTVEHPDKLEEKFPQVAATGDGPDIIFWAHDRFGGYAQSGLLAEITPDKAFQDKLYPFTWDAVRYNGKLIAYPIAVEALSLIYNKDLLPNPPKTWEEIPALDKELKAKGKSALMFNLQEPYFTWPLIAADGGYAFKYENGKYDIKDVGVDNAGAKAGLTFLVDLIKNKHMNADTDYSIAEAAFNKGETAMTINGPWAWSNIDTSKVNYGVTVLPTFKGQPSKPXXGVLSAXINXXQSEQRAGXKSSSKLSAD**RSGXXX*XQPLGAVXLXXX*KSWXXXPRXCPXLXKXPXXXIXXXXXXXXXSXVXXXXXX	NNNNNNNNNNTNGGTGTTTTCNCGAGCACTTCACCAACAAGGACCATAGCATATGAAAAAATTATTATTCGCAATTCCTTTAGTGGTACCTTTCTATTCTCACTCTGAGGTTCATTTTGTGAAGTGGATTGGTGCTACTACTGGTGGAGGTTCGGCCGATATGAAAACTGAAGAAGGTAAACTGGTAATCTGGATTAACGGCGATAAAGGCTATAACGGTCTCGCTGAAGTCGGTAAGAAATTCGAGAAAGATACCGGAATTAAAGTCACCGTTGAGCATCCGGATAAACTGGAAGAGAAATTCCCACAGGTTGCGGCAACTGGCGATGGCCCTGACATTATCTTCTGGGCACACGACCGCTTTGGTGGCTACGCTCAATCTGGCCTGTTGGCTGAAATCACCCCGGACAAAGCGTTCCAGGACAAGCTGTATCCGTTTACCTGGGATGCCGTACGTTACAACGGCAAGCTGATTGCTTACCCGATCGCTGTTGAAGCGTTATCGCTGATTTATAACAAAGATCTGCTGCCGAACCCGCCAAAAACCTGGGAAGAGATCCCGGCGCTGGATAAAGAACTGAAAGCGAAAGGTAAGAGCGCGCTGATGTTCAACCTGCAAGAACCGTACTTCACCTGGCCGCTGATTGCTGCTGACGGGGGTTATGCGTTCAAGTATGAAAACGGCAAGTACGACATTAAAGACGTGGGCGTGGATAACGCTGGCGCGAAAGCGGGTCTGACCTTCCTGGTTGACCTGATTAAAAACAAACACATGAATGCAGACACCGATTACTCCATCGCAGAAGCTGCCTTTAATAAAGGCGAAACAGCGATGACCATCAACGGCCCGTGGGCATGGTCCAACATCGACACCAGCAAAGTGAATTATGGTGTAACGGTACTGCCNACCTTCAAGGGTCAACCATCCAAACCGNTCGNTGGCGTGCTGAGCGCANGTATTAACGNCCNCCAGTCCGAACAAAGAGCTGGGCNAAAGAGTTCCTCNAAACTATCTGCTGACTGATGAAGGTCTGGANGCAGNTANTAANGACAACCGCTGGGNGCCGTANNGCTGNAGNCTTNCTAGAAGAGTTGGNCNAANNATCCACGTNTTTGTCCGCANCTATNGAAAANGCCCNNNNNNNNAATCNNGNNNAANNNNCNNNNNNNGNCNNNNTCNNNGGTANTNNCCGNNNNNNCTCNNNN	
50		plasmid	171127-19_I24_p3BNC117_A4_111717_ec3_M13R.ab1	p3BNC117_A4_111717_ec3	EVHFVKWIGATT	XXXXXXVFRALHQQGP*HMKKLLFAIPLVVPFYSHSEVHFVKWIGATTGGGSADMKTEEGKLVIWINGDKGYNGLAEVGKKFQKDTGIKVTVEHPDKLEEKFPQVAATGDGPDIIFWAHDRFGGYAQSGLLAEITPDKAFXYKLYPFIGMPYVTTGS*LLTRSLLKPCR*LITKICGLIXXIAAKRSRGWLRKLHQKVPDRSCTTRQIRTSTAPLRAAFGGPI*RCXAARQHKARLGRRYXLRDIALEDGC*	NNNNNNNNNNNGNNTTNGNGTTTTCCGAGCACTTCACCAACAAGGACCATAGCATATGAAAAAATTATTATTCGCAATTCCTTTAGTGGTACCTTTCTATTCTCACTCTGAGGTTCATTTTGTGAAGTGGATTGGTGCTACTACTGGTGGAGGTTCGGCCGATATGAAAACTGAAGAAGGTAAACTGGTAATCTGGATTAACGGCGATAAAGGCTATAACGGTCTCGCTGAAGTCGGTAAGAAATTCCAGAAAGATACCGGAATTAAAGTCACCGTTGAGCATCCGGATAAACTGGAAGAGAAATTCCCACAGGTTGCGGCAACTGGCGATGGCCCTGACATTATCTTCTGGGCACACGACCGCTTTGGTGGCTACGCTCAATCTGGCCTGTTGGCTGAAATCACCCCGGACAAAGCGTTCCNNTACAAGCTGTATCCGTTTATTGGGATGCCGTACGTTACAACGGGGAGCTGATTGCTTACCCGATCGCTGTTGAAGCCTTGTCGCTGATTAATAACCAAGATCTGTGGCCTAATCAANNAAATCGCTGCGAAGAGATCCCGGGGGTGGTTACGAAAGCTACATCAAAAGGTTCCCGACCGTTCATGTACAACCCGCCAGATCCGAACTTCAACTGCTCCATTGAGGGCTGCCTTTGGGGGTCCGATTTAGCGCTGTGANGCCGCGCGACAGCACAAAGCTAGATTAGGNCGTAGGTACNCCTTGCGGGACATCGCNTTGGAAGACGGTTGTTGA	
51		plasmid	171127-19_G24_p3BNC117_A4_111717_ec2_M13R.ab1	p3BNC117_A4_111717_ec2	EVHFVKWIGATT	XXXXXFSRALHQQGP*HMKKLLFAIPLVVPFYSHSEVHFVKWIGATTGGGSADMKTEEGKLVIWINGDKGYNGLAEVGKKFEKDTGIKVTVEHPDKLEEKFPQVAATGDGPDIIFWAHDRFGGYAQSGLLAEITPDKAFQDKLYPFTWDAVRYNGKLIAYPIAVEALSLIYNKDLLPNPPKTWEEIPALDKELKAKGKSALMFNLQEPYFTWPLIAADGGYAFKYENGKYDIKDVGVDNAGAKAVLTFLGDLIKNKRMHAHTELLDRRSWL**RRNTDDHXXPVSXXXXXHRXXNYGGKXLPTFXGLRPXXFCGXXRXXIXLLXPKQXXA	NNNNNNNNNNNNNNNNGTTTTCNCGAGCACTTCACCAACAAGGACCATAGCATATGAAAAAATTATTATTCGCAATTCCTTTAGTGGTACCTTTCTATTCTCACTCTGAGGTTCATTTTGTGAAGTGGATTGGTGCTACTACTGGTGGAGGTTCGGCCGATATGAAAACTGAAGAAGGTAAACTGGTAATCTGGATTAACGGCGATAAAGGCTATAACGGTCTCGCTGAAGTCGGTAAGAAATTCGAGAAAGATACCGGAATTAAAGTCACCGTTGAGCATCCGGATAAACTGGAAGAGAAATTCCCACAGGTTGCGGCAACTGGCGATGGCCCTGACATTATCTTCTGGGCACACGACCGCTTTGGTGGCTACGCTCAATCTGGCCTGTTGGCTGAAATCACCCCGGACAAAGCGTTCCAGGACAAGCTGTATCCGTTTACCTGGGATGCCGTACGTTACAACGGCAAGCTGATTGCTTACCCGATCGCTGTTGAAGCGTTATCGCTGATTTATAACAAAGATCTGCTGCCGAACCCGCCAAAAACCTGGGAAGAGATCCCGGCGCTGGATAAAGAACTGAAAGCGAAAGGTAAGAGCGCGCTGATGTTCAACCTGCAAGAACCGTACTTCACCTGGCCGCTGATTGCTGCTGACGGGGGTTATGCGTTCAAGTATGAAAACGGCAAGTACGACATTAAAGACGTGGGCGTGGATAACGCTGGCGCGAAAGCGGTTCTGACCTTCCTGGGTGACCTGATTAAAAACAAACGCATGCATGCNCACACCGAATTACTCGATCGCAGAAGCTGGCTTTAATAAAGGCGAAACACCGATGACCATCNNNGGCCCGTGAGCANNNTCCNCCNTCNACACCGCNGNNTGAATTATGGAGGTAAGNNACTGCCGACCTTCNNGGGTCTNCGACCNANNTNGTTCTGTGGCANNGNACGCGNANGTATTNATCTCCTCNGNCCGAAACAANAATTNGCTC	
52		plasmid	171127-19_M24_p3BNC117_A4_111717_ec5_M13R.ab1	p3BNC117_A4_111717_ec5	EVHFVKWIGATT	XXXXVFRALHQQGP*HMKKLLFAIPLVVPFYSHSEVHFVKWIGATTGGGSADMKTEEGKLVIWINGDKGYNGLAEVGKKFEKDTGIKVTVEHPDKLEEKFPQVAATGDGPDIIFWAHDRFGGYAQSGLLAEITPDKAFQDKLYPFTWDAVRYNGKLIAYPIAVEALSLIYNKDLLPNPPKTWEEIPALDKELKAKGKSALMFNLQEPYFTWPLIAADGGYAFKYENGKYDIKDVGVDNAGAKAGLTFLVDLIKNKHMNADTDYSIAEAAFNKGETAMTINGPWAWSNIDTSKVNYGVTVLPXFXGQPSKPFVGVLSAGINAASPTKSWQKSSXXLSAD**XXXKRLXRXXAGCRXXEVLXGXXGXDHVXAXXMXXPXKGXXXXXXXXVXFXXXXXXXXXXXX	NNNNNNNNTNTNNNGTTTTCCGAGCACTTCACCAACAAGGACCATAGCATATGAAAAAATTATTATTCGCAATTCCTTTAGTGGTACCTTTCTATTCTCACTCTGAGGTTCATTTTGTGAAGTGGATTGGTGCTACTACTGGTGGAGGTTCGGCCGATATGAAAACTGAAGAAGGTAAACTGGTAATCTGGATTAACGGCGATAAAGGCTATAACGGTCTCGCTGAAGTCGGTAAGAAATTCGAGAAAGATACCGGAATTAAAGTCACCGTTGAGCATCCGGATAAACTGGAAGAGAAATTCCCACAGGTTGCGGCAACTGGCGATGGCCCTGACATTATCTTCTGGGCACACGACCGCTTTGGTGGCTACGCTCAATCTGGCCTGTTGGCTGAAATCACCCCGGACAAAGCGTTCCAGGACAAGCTGTATCCGTTTACCTGGGATGCCGTACGTTACAACGGCAAGCTGATTGCTTACCCGATCGCTGTTGAAGCGTTATCGCTGATTTATAACAAAGATCTGCTGCCGAACCCGCCAAAAACCTGGGAAGAGATCCCGGCGCTGGATAAAGAACTGAAAGCGAAAGGTAAGAGCGCGCTGATGTTCAACCTGCAAGAACCGTACTTCACCTGGCCGCTGATTGCTGCTGACGGGGGTTATGCGTTCAAGTATGAAAACGGCAAGTACGACATTAAAGACGTGGGCGTGGATAACGCTGGCGCGAAAGCGGGTCTGACCTTCCTGGTTGACCTGATTAAAAACAAACACATGAATGCAGACACCGATTACTCCATCGCAGAAGCTGCCTTTAATAAAGGCGAAACAGCGATGACCATCAACGGCCCGTGGGCATGGTCCAACATCGACACCAGCAAAGTGAATTATGGTGTAACGGTACTGCCGANCTTCANGGGTCAACCATCCAAACCGTTCGTTGGCGTGCTGAGCGCAGGNATTAACGCCGCCAGTCCNACCAAGAGCTGGCAAAAGAGTTCNNCNNAACTATCTGCTGACTGATGAANGNTCNNGAAGCGGTTATNACGANNANCCGCTGGGTGCCGTTNNNNTGAAGTCTTACNAGGANNNNNNGGCNNAGATCACGTTANTGCCNCCNCTATGNAANNNCCNNGAAAGGGTNANNNNANGNNNNNNNNCNNNNNNGTCNCCTTTNNNNNTNNCNNGNNANTACNNCNGTNNANTNANNCCN	
53		plasmid	171127-19_E24_p3BNC117_A4_111717_ec1_M13R.ab1	p3BNC117_A4_111717_ec1	EVHFVKWIGATT	XXXXGVFRALHQQGP*HMKKLLFAIPLVVPFYSHSEVHFVKWIGATTGGGWAEIEAXXSDGDDGRGGGDPHNGLAQILGIV*IRNAWEQTVNDCDCTG*YIGNCYTA*PWSYVGGGSSQPHXLQLTVWGIKHPPTVLFVPGYNDN*KISXRLWAGDGSGLLTTCGRKFVMKQFPSGLTW*DAALTNCDTWCVRTNH*RCPSFCYHFSITGNIATSA*NCRLVTN*RWGFLAPAQSYDRNYILGTXGQISKSDTXARMXDAVLXGTSRXXLXXMTNT	NNNNNNNNNNTTNGGTGTTTTCCGAGCACTTCACCAACAAGGACCATAGCATATGAAAAAATTATTATTCGCAATTCCTTTAGTGGTACCTTTCTATTCTCACTCTGAGGTTCATTTTGTGAAGTGGATTGGTGCTACTACTGGTGGAGGTTGGGCCGAGATAGAAGCTGANNAAAGTGATGGGGATGACGGTAGAGGTGGTGGTGACCCCCATAATGGACTCGCACAAATTTTGGGNATTGTTTGAATAAGGAATGCGTGGGAACAGACCGTAAATGACTGTGACTGTACGGGTTGATATATTGGAAACTGTTACACNGCCTGACCCTGGTCTTATGTGGGGGGAGGATCTTCGCAACCTCATNNGTTGCAACTCACAGTCTGGGGTATCAAACACCCCCCTACCGTACTCTTCGTGCCTGGATATAACGACAATTGAAAAATCTCCTGNCGGCTTTGGGCCGGAGATGGAAGCGGTTTACTCACTACCTGTGGCAGGAAATTCGTGATGAAGCAATTTCCCTCCGGATTGACGTGGTGAGACGCGGCCTTAACGAACTGTGACACATGGTGCGTCCGAACAAATCATTAAAGATGTCCCAGTTTCTGCTACCACTTCTCAATCACGGGGAACATCGCCACCTCCGCCTGAAACTGTAGATTGGTGACCAATTAACGGTGGGGATTCCTCGCGCCCGCTCAGAGCTACGATAGAAACTACATACTCGGAACCNGGGGTCAAATTAGTAAGAGTGATACTGNTGCNCGAATGNGGGACGCGGTCCTCNCGGGGACGTCCAGAANANNGCTNANGGNGATGACNAATACNGT	
54		plasmid	180117-16_M17_pVRC01_A4_Avi_ec2_M13R.ab1	pVRC01_A4_Avi_ec2	NoMatch	XXXXVFSRALHQQGP*HMKKLLFAIPLVVPFYSHSADMKTEEGKLVIWINGDKGYNGLAEVGKKFEKDTGIKVTVEHPDKLEEKFPQVAATGDGPDIIFWAHDRFGGYAQSGLLAEITPDKAFQDKLYPFTWDAVRYNGKLIAYPIAVEALSLIYNKDLLPNPPKTWEEIPALDKELKAKGKSALMFNLQEPYFTWPLIAADGGYAFKYENGKYDIKDVGVDNAGAKAGLTFLVDLIKNKHMNADTDYSIAEAAFNKGETAMTINGPWAWSNIDTSKVNYGVTVLPTFKGQPSKPFVGVLSAXLTPPVRTKSWQKSSSKLSAD**RXGSG**XQTAGXRSAXSYXXXGERSTYAALXKRPEXKSCXIXQXSLLXAXXLRDHXXAXXTVXXXXXXXLXXXTXXXXXXXXXXXXRX	NNNNNNNNNNNNNNGTGTTTTCNCGAGCACTTCACCAACAAGGACCATAGCATATGAAAAAATTATTATTCGCAATTCCTTTAGTGGTACCTTTCTATTCTCACTCGGCCGATATGAAAACTGAAGAAGGTAAACTGGTAATCTGGATTAACGGCGATAAAGGCTATAACGGTCTCGCTGAAGTCGGTAAGAAATTCGAGAAAGATACCGGAATTAAAGTCACCGTTGAGCATCCGGATAAACTGGAAGAGAAATTCCCACAGGTTGCGGCAACTGGCGATGGCCCTGACATTATCTTCTGGGCACACGACCGCTTTGGTGGCTACGCTCAATCTGGCCTGTTGGCTGAAATCACCCCGGACAAAGCGTTCCAGGACAAGCTGTATCCGTTTACCTGGGATGCCGTACGTTACAACGGCAAGCTGATTGCTTACCCGATCGCTGTTGAAGCGTTATCGCTGATTTATAACAAAGATCTGCTGCCGAACCCGCCAAAAACCTGGGAAGAGATCCCGGCGCTGGATAAAGAACTGAAAGCGAAAGGTAAGAGCGCGCTGATGTTCAACCTGCAAGAACCGTACTTCACCTGGCCGCTGATTGCTGCTGACGGGGGTTATGCGTTCAAGTATGAAAACGGCAAGTACGACATTAAAGACGTGGGCGTGGATAACGCTGGCGCGAAAGCGGGTCTGACCTTCCTGGTTGACCTGATTAAAAACAAACACATGAATGCAGACACCGATTACTCCATCGCAGAAGCTGCCTTTAATAAAGGCGAAACAGCGATGACCATCAACGGCCCGTGGGCATGGTCCAACATCGACACCAGCAAAGTGAATTATGGTGTAACGGTACTGCCGACCTTCAAGGGTCAACCATCCAAACCGTTCGTTGGCGTGCTGAGCGCNNTATTAACGCCGCCAGTCCGAACAAAGAGCTGGCAAAAGAGTTCCTCGAAACTATCTGCTGACTGATGAAGGNCTGGNAGCGGTTAATAAANACAAACCGCTGGGNGCCGTAGCGCTGANTCTTACGANNNNNTTGGCGAAAGATCCACGTATGCCGCNCTATGNAAACGCCCAGAANNGAAATCATGCNANATCCNGCAGANGTCGCTTCTNNNTGCNNGNNTACTGCGNGATCACNCNNCNGCGNCGNCNACNGTNCANNANNNNNNNNCNNNNNNACTANNNNNNNNNACNNNNNNNNNNNNNNNNNGNNNNNNNNNTNNNNGAANNCGGANN	
55		plasmid	180117-16_A19_p4E10_LW_Avi_ec1_M13R.ab1	p4E10_LW_Avi_ec1	NWFNLT*TLMPR	XXXXXFSRALHQQGP*HMKKLLFAIPLVVPFYSHSNWFNLT*TLMPRGGGSADMKTEEGKLVIWINGDKGYNGLAEVGKKFEKDTGIKVTVEHPDKLEEKFPQVAATGDGPDIIFWAHDRFGGYAQSGLLAEITPDKAFQDKLYPFTWDAVRYNGKLIAYPIAVEALSLIYNKDLLPNPPKTWEEIPALDKELKAKGKSALMFNLQEPYFTWPLIAADGGYAFKYENGKYDIKDVGVDNAGAKAGLTFLVDLIKNKHMNADTDYSIAEAAFNKGETAMTINGPWAWSNIDTSKVNYGVTVLPTFKGQPSKPFVGVLSAXLTPPVRTKSWQKSSSKTIC*LMKVWKRXKDKPLGAVALXLTRXXGEXSTYAATXXNAXXXNHXXSXXXSLSXXXXTAXXXXXXSXXXXXXXXXXYXXXXX	NNNNNNNNNNTNNNGTTTTCNCGAGCACTTCACCAACAAGGACCATAGCATATGAAAAAATTATTATTCGCAATTCCTTTAGTGGTACCTTTCTATTCTCACTCTAATTGGTTTAATCTGACGTAGACGCTTATGCCGCGTGGTGGAGGTTCGGCCGATATGAAAACTGAAGAAGGTAAACTGGTAATCTGGATTAACGGCGATAAAGGCTATAACGGTCTCGCTGAAGTCGGTAAGAAATTCGAGAAAGATACCGGAATTAAAGTCACCGTTGAGCATCCGGATAAACTGGAAGAGAAATTCCCACAGGTTGCGGCAACTGGCGATGGCCCTGACATTATCTTCTGGGCACACGACCGCTTTGGTGGCTACGCTCAATCTGGCCTGTTGGCTGAAATCACCCCGGACAAAGCGTTCCAGGACAAGCTGTATCCGTTTACCTGGGATGCCGTACGTTACAACGGCAAGCTGATTGCTTACCCGATCGCTGTTGAAGCGTTATCGCTGATTTATAACAAAGATCTGCTGCCGAACCCGCCAAAAACCTGGGAAGAGATCCCGGCGCTGGATAAAGAACTGAAAGCGAAAGGTAAGAGCGCGCTGATGTTCAACCTGCAAGAACCGTACTTCACCTGGCCGCTGATTGCTGCTGACGGGGGTTATGCGTTCAAGTATGAAAACGGCAAGTACGACATTAAAGACGTGGGCGTGGATAACGCTGGCGCGAAAGCGGGTCTGACCTTCCTGGTTGACCTGATTAAAAACAAACACATGAATGCAGACACCGATTACTCCATCGCAGAAGCTGCCTTTAATAAAGGCGAAACAGCGATGACCATCAACGGCCCGTGGGCATGGTCCAACATCGACACCAGCAAAGTGAATTATGGTGTAACGGTACTGCCGACCTTCAAGGGTCAACCATCCAAACCGTTCGTTGGCGTGCTGAGCGCNNTATTAACGCCGCCAGTCCGAACAAAGAGCTGGCAAAAGAGTTCCTCGAAAACTATCTGCTGACTGATGAAGGTCTGGAAGCGGNANAAAGACAAACCGCTGGGNGCCGTAGCGCTNANTCTTACNAGGANANTTGGCGAANNATCCACGTATGCCGCCACTANNGNAAACGCCANAAANNGAAATCATNCNANATCCNNCANAANNTCGCTTTCTNNNGNCNNGCNNACTGCGNNATNNNNNNNNNCNNCNTCNNANNNNNNNNANNNNNAANNANNNNNNNNNTATNNNANCNTCNNNNNNNN	
56		plasmid	180117-16_K17_pVRC01_A4_Avi_ec1_M13R.ab1	pVRC01_A4_Avi_ec1	unable to determine	null	NTTGATGGTCCTNNNNCTTTNGCCTTTATTTAAAGGCAGNNNTGCGATGGAGTAATCGGTGTCTGCATTCATGTGTTTGCTTTTAATCAGCTCAACCAGGAAGGTCAGACCCATTTCGCGCCAGCGTTATACACGCNCACGTCTTTAATGTCGTACGTTACTTNCTCATACCCGAGCGCATTACTCCCGTCAGCGGCAATCAGCGGCCAAGTGAAGTNNGGTTTCTGCAGNCCAACATCAGCGCAGACTTTTCNTTTGNNNTCAGTTCTTTATTTAGCGCCGCGATCTCGTGGCANTCCCCGCCGGCTTCGGTAGTAGATCTTTGTTATCAATTAGTTATCACGCTTTAACAGGGGTNGGGTACGCAATCAGCTATCCGTNNNTNGCGGTTTTCGCAGGTATTCGCACACAGCTTCTCTCGGAATCCGTTGTCCGGGGAGATCTCAGCCAACAGGCCGGATTGAGGGTCGCCTCCAAAGCGGTCTGGCNCCCAGAAGATAATCACAGGTCAAAAGACAGGCCCCGCCACGTTTGCGAATTTGTAATCCAGCATTGACGGAAACTCAACGATNTTTTGAATTNNGGTATANTTTTCAAACCNTTCCCGACTTCAGAGAGACCAGTATAGCTCAACCNNCAGTTATTCATGNGATCAGTGGACCTTCGACAGTGTGTCAATCGGATCACGGGGCAAGAAAGGCGGCATCGAAGTCCTCTTCAATACGAAGATACCGNNGNTANNGTANGGGAGNGNGGCTTTNCGAGAANCNANNNCNNNNNNNNNNNT	
57		plasmid	180117-16_E19_p4E10_LW_Avi_ec3_M13R.ab1	p4E10_LW_Avi_ec3	NoMatch	XXXXVFRALXQQGP*HMKKLLFAIPLVVPFYSHSADMKTEEGKLVIWINGDKGYNGLAEVGKKFEKDTGIKVTVEHPDKLEEKFPQVAATGDGPDIIFWAHDRFGGYAQSGLLAEITPDKAFQDKLYPFTWDAVRYNGKLIAYPIAVEALSLIYNKDLLPNPPKTWEEIPALDKELKAKGKSALMFNLQEPYFTWPLIAADGGYAFKYENGKYDIKDVGVDNAGAKAGLTFLVDLIKNKHMNADTDYSIAEAAFNKGETAMTINGPWAWSNIDTSKVNYGVTVLPTFKGQPSKPFVGVLSAXINAASPNKELAKEFLENYLLTDXGLEAVNKDKPLGAVALKSYEEELAXXPRIAATMXKRPERXNXAXIPXMXXSGYXXVXXXDXXXXXXSDXRXXXXXXXXXXXXTXXXXXXXSXXXXXFXX	NNNNNNNNNNNNNNGTTTTCCGAGCACTTCNCCAACAAGGACCATAGCATATGAAAAAATTATTATTCGCAATTCCTTTAGTGGTACCTTTCTATTCTCACTCGGCCGATATGAAAACTGAAGAAGGTAAACTGGTAATCTGGATTAACGGCGATAAAGGCTATAACGGTCTCGCTGAAGTCGGTAAGAAATTCGAGAAAGATACCGGAATTAAAGTCACCGTTGAGCATCCGGATAAACTGGAAGAGAAATTCCCACAGGTTGCGGCAACTGGCGATGGCCCTGACATTATCTTCTGGGCACACGACCGCTTTGGTGGCTACGCTCAATCTGGCCTGTTGGCTGAAATCACCCCGGACAAAGCGTTCCAGGACAAGCTGTATCCGTTTACCTGGGATGCCGTACGTTACAACGGCAAGCTGATTGCTTACCCGATCGCTGTTGAAGCGTTATCGCTGATTTATAACAAAGATCTGCTGCCGAACCCGCCAAAAACCTGGGAAGAGATCCCGGCGCTGGATAAAGAACTGAAAGCGAAAGGTAAGAGCGCGCTGATGTTCAACCTGCAAGAACCGTACTTCACCTGGCCGCTGATTGCTGCTGACGGGGGTTATGCGTTCAAGTATGAAAACGGCAAGTACGACATTAAAGACGTGGGCGTGGATAACGCTGGCGCGAAAGCGGGTCTGACCTTCCTGGTTGACCTGATTAAAAACAAACACATGAATGCAGACACCGATTACTCCATCGCAGAAGCTGCCTTTAATAAAGGCGAAACAGCGATGACCATCAACGGCCCGTGGGCATGGTCCAACATCGACACCAGCAAAGTGAATTATGGTGTAACGGTACTGCCGACCTTCAAGGGTCAACCATCCAAACCGTTCGTTGGCGTGCTGAGCGCANGTATTAACGCCGCCAGTCCGAACAAAGAGCTGGCAAAAGAGTTCCTCGAAAACTATCTGCTGACTGATGANGGTCTGGAAGCGGTTAATAAAGACAAACCGCTGGGNGCCGTAGCGCTGAAGTCTTACGAGGAAGAGTTGGCGAANNATCCNCGTATTGCCGCCACTATGGNAAAACGCCCAGAAAGGTNAAATCNTGCCGANATCCCGCANATGTNNNNTTCNGGGTATNNNNGNGTACNGNCGGNTGATNANNNNNCCNGNCNGNCGTCNGACNNNCGAATNANNNNNNNGANNNNCANACNNNNNNNNNNCNNNACNNNNNNNNNNCNNNACNNNNNNTCGNNNNNNNGNNNGGNATTTNNNNNNNA	
58		plasmid	180117-16_C19_p4E10_LW_Avi_ec2_M13R.ab1	p4E10_LW_Avi_ec2	NWFNLT*TLMPR	XXXXXFSRALHQQGP*HMKKLLFAIPLVVPFYSHSNWFNLT*TLMPRGGGSADMKTEEGKLVIWINGDKGYNGLAEVGKKFEKDTGIKVTVEHPDKLEEKFPQVAATGDGPDIIFWAHDRFGGYAQSGLLAEITPDKAFQDKLYPFTWDAVRYNGKLIAYPIAVEALSLIYNKDLLPNPPKTWEEIPALDKELKAKGKSALMFNLQEPYFTWPLIAADGGYAFKYENGKYDIKDVGVDNAGAKAGLTFLVDLIKNKHMNADTDYSIAEAAFNKGETAMTINGPWAWSNIDTSKVNYGVTVLPTFKGQPSKPFVGVLSAXLTPPVRTKSWQKSSSKLSAD**RSGSG**RQPLGAVALXLXGXWRXIHVXXXMXTPXKVXHXXSRRCRFLXXXYXXDXXXXRXXXXXXXXXXXTXXXXXXXXXXX	NNNNNNNNNNNNGGNGTTTTCNCGAGCACTTCACCAACAAGGACCATAGCATATGAAAAAATTATTATTCGCAATTCCTTTAGTGGTACCTTTCTATTCTCACTCTAATTGGTTTAATCTGACGTAGACGCTTATGCCGCGTGGTGGAGGTTCGGCCGATATGAAAACTGAAGAAGGTAAACTGGTAATCTGGATTAACGGCGATAAAGGCTATAACGGTCTCGCTGAAGTCGGTAAGAAATTCGAGAAAGATACCGGAATTAAAGTCACCGTTGAGCATCCGGATAAACTGGAAGAGAAATTCCCACAGGTTGCGGCAACTGGCGATGGCCCTGACATTATCTTCTGGGCACACGACCGCTTTGGTGGCTACGCTCAATCTGGCCTGTTGGCTGAAATCACCCCGGACAAAGCGTTCCAGGACAAGCTGTATCCGTTTACCTGGGATGCCGTACGTTACAACGGCAAGCTGATTGCTTACCCGATCGCTGTTGAAGCGTTATCGCTGATTTATAACAAAGATCTGCTGCCGAACCCGCCAAAAACCTGGGAAGAGATCCCGGCGCTGGATAAAGAACTGAAAGCGAAAGGTAAGAGCGCGCTGATGTTCAACCTGCAAGAACCGTACTTCACCTGGCCGCTGATTGCTGCTGACGGGGGTTATGCGTTCAAGTATGAAAACGGCAAGTACGACATTAAAGACGTGGGCGTGGATAACGCTGGCGCGAAAGCGGGTCTGACCTTCCTGGTTGACCTGATTAAAAACAAACACATGAATGCAGACACCGATTACTCCATCGCAGAAGCTGCCTTTAATAAAGGCGAAACAGCGATGACCATCAACGGCCCGTGGGCATGGTCCAACATCGACACCAGCAAAGTGAATTATGGTGTAACGGTACTGCCGACCTTCAAGGGTCAACCATCCAAACCGTTCGTTGGCGTGCTGAGCGCNNTATTAACGCCGCCAGTCCGAACAAAGAGCTGGCAAAAGAGTTCCTCGAAACTATCTGCTGACTGATGAAGGTCTGGNAGCGGTTAATAAAGACAACCGCTGGGNGCCGTAGCGCTGANTCTACNAGGANANTGGCGAANGATCCACGTANTGCNCNCTATGGNAACGCCCANAAAGGTGAANCATNNNANATCCCGCAGATGTCGCTTTCTNNNTNNNNNGTACNGNNGNGATNNANGNCNNCNGCGNNCNNNNNACNGNNNNNNNANNNNNNNNNNNNNNACTNNNNNNNNNCNNNNACANNNNNNNNNNNNNNNN	
59		plasmid	180117-16_O17_pVRC01_A4_Avi_ec3_M13R.ab1	pVRC01_A4_Avi_ec3	CPWTFWNYC	XXXXGVFRALHQQGP*HMKKLLFAIPLVVPFYSHSACPWTFWNYCGGGSADMKTEEGKLVIWINGDKGYNGLAEVGKKFEKDTGIKVTVEHPDKLEEKFPQVAATGDGPDIIFWAHDRFGGYAQSGLLAEITPDKAFQDKLYPFTWDAVRYNGKLIAYPIAVEALSLIYNKDLLPNPPKTWEEIPALDKELKAKGKSALMFNLQEPYFTWPLIAADGGYAFKYENGKYDIKDVGVDNAGAKAGLTFLVDLIKNKHMNADTDYSIAEAAFNKGETAMTINGPWAWSNIDTSKVNYGVTVLPTFKGQPSKPFVGVLSAXLTPPVRTKSWQRVPRNYLLTDXVWKRLIKXTAGXRXAESTXRXGXRSXXXAXMXTPRKXXXCXHPXXXXXXXXXXXAXITXXXXXXXXXXXXXXXXXXXXX	NNNNNNNNGNTTTNGGTGTTTTCCGAGCACTTCACCAACAAGGACCATAGCATATGAAAAAATTATTATTCGCAATTCCTTTAGTGGTACCTTTCTATTCTCACTCTGCTTGTCCGTGGACGTTTTGGAATTATTGCGGTGGAGGTTCGGCCGATATGAAAACTGAAGAAGGTAAACTGGTAATCTGGATTAACGGCGATAAAGGCTATAACGGTCTCGCTGAAGTCGGTAAGAAATTCGAGAAAGATACCGGAATTAAAGTCACCGTTGAGCATCCGGATAAACTGGAAGAGAAATTCCCACAGGTTGCGGCAACTGGCGATGGCCCTGACATTATCTTCTGGGCACACGACCGCTTTGGTGGCTACGCTCAATCTGGCCTGTTGGCTGAAATCACCCCGGACAAAGCGTTCCAGGACAAGCTGTATCCGTTTACCTGGGATGCCGTACGTTACAACGGCAAGCTGATTGCTTACCCGATCGCTGTTGAAGCGTTATCGCTGATTTATAACAAAGATCTGCTGCCGAACCCGCCAAAAACCTGGGAAGAGATCCCGGCGCTGGATAAAGAACTGAAAGCGAAAGGTAAGAGCGCGCTGATGTTCAACCTGCAAGAACCGTACTTCACCTGGCCGCTGATTGCTGCTGACGGGGGTTATGCGTTCAAGTATGAAAACGGCAAGTACGACATTAAAGACGTGGGCGTGGATAACGCTGGCGCGAAAGCGGGTCTGACCTTCCTGGTTGACCTGATTAAAAACAAACACATGAATGCAGACACCGATTACTCCATCGCAGAAGCTGCCTTTAATAAAGGCGAAACAGCGATGACCATCAACGGCCCGTGGGCATGGTCCAACATCGACACCAGCAAAGTGAATTATGGTGTAACGGTACTGCCGACCTTCAAGGGTCAACCATCCAAACCGTTCGTTGGCGTGCTGAGCGCNNTATTAACGCCGCCAGTCCGAACAAAGAGCTGGCAAAGAGTTCCTCGAAACTATCTGCTGACTGATGNNGTCTGGAAGCGGTTAATAAAGANAACCGCTGGGNGCCGTANCGCTGAGTCTACGANGAGANTNGGNNAAAGATCCNCGNNNNCCGCCNCTATGNNAACGCCCAGAAAGGNNNAANCATGCNAACATCCCNCANNNNNCCNNTTNCNNNNTNNNNNNNNACNGGCNGNGATCACGNCNNCNNNGGNCNNCNNACNGNNNNNNNNCNNNNNACNNNNANNTNNNNNNNCNNNNNNNNNC	
